brand,kz_analog,domain,tld,free_hosting
PayPal,Kaspi (payments/bank),0046.paypal-merchant.ru,ru,
PayPal,Kaspi (payments/bank),00ql.paypal-merchant.ru,ru,
PayPal,Kaspi (payments/bank),013d.paypal-merchant.ru,ru,
PayPal,Kaspi (payments/bank),056084.paypal-merchant.ru,ru,
PayPal,Kaspi (payments/bank),06k.paypal-merchant.ru,ru,
PayPal,Kaspi (payments/bank),07-promping.paypal-merchant.ru,ru,
PayPal,Kaspi (payments/bank),0kf9.paypal-merchant.ru,ru,
PayPal,Kaspi (payments/bank),10-250.paypal-merchant.ru,ru,
PayPal,Kaspi (payments/bank),10-files.paypal-merchant.ru,ru,
PayPal,Kaspi (payments/bank),114.212.paypal-merchant.ru,ru,
PayPal,Kaspi (payments/bank),12z9.paypal-merchant.ru,ru,
PayPal,Kaspi (payments/bank),151.13.static.paypal-merchant.ru,ru,
PayPal,Kaspi (payments/bank),167.81.232.paypal-merchant.ru,ru,
PayPal,Kaspi (payments/bank),17428.paypal-merchant.ru,ru,
PayPal,Kaspi (payments/bank),1858121448.rsc.paypal-merchant.ru,ru,
PayPal,Kaspi (payments/bank),212-035.paypal-merchant.ru,ru,
PayPal,Kaspi (payments/bank),23.89.52.paypal-merchant.ru,ru,
PayPal,Kaspi (payments/bank),238.247.paypal-merchant.ru,ru,
PayPal,Kaspi (payments/bank),245.243.227.paypal-merchant.ru,ru,
PayPal,Kaspi (payments/bank),2amaz2k3y3sygvtpcfsi3yodqe-adwhj77lcyoafdy-www-paypal-com.translate.goog,goog,
PayPal,Kaspi (payments/bank),2dspsebim4.pay.paypalcancel.cc,cc,
PayPal,Kaspi (payments/bank),2ejmf.jjxp.scyrz6q.3k4y.cn2gbzw.epjnheai6.ndsye.6b8scztpm.rbfkhx.de.w.2qkwnw.hmtr.5ntsprmyy.awejw.jphz.iyxw3qjcn.ens3c.pay.paypalcancel.cc,cc,
PayPal,Kaspi (payments/bank),2j7w.paypal-merchant.ru,ru,
PayPal,Kaspi (payments/bank),3832977911.paypal-merchant.ru,ru,
PayPal,Kaspi (payments/bank),3day-dev.paypal-merchant.ru,ru,
PayPal,Kaspi (payments/bank),3jqugbbg2mv3wrvxrzlydr2i3m-adwhj77lcyoafdy-www-paypal-com.translate.goog,goog,
PayPal,Kaspi (payments/bank),3nfs.paypal-merchant.ru,ru,
PayPal,Kaspi (payments/bank),44f4bm8jj.tjgs.a7fwx4s.y4sk4f.fs.2ejmf.jjxp.scyrz6q.3k4y.cn2gbzw.epjnheai6.ndsye.6b8scztpm.rbfkhx.de.w.2qkwnw.hmtr.5ntsprmyy.awejw.jphz.iyxw3qjcn.ens3c.pay.paypalcancel.cc,cc,
PayPal,Kaspi (payments/bank),4gpd.paypal-merchant.ru,ru,
PayPal,Kaspi (payments/bank),4yu64nm25q4tdz4shqzvwwpnbm-adwhj77lcyoafdy-www-paypal-com.standardseoservices.com,com,
PayPal,Kaspi (payments/bank),5-197.paypal-merchant.ru,ru,
PayPal,Kaspi (payments/bank),563q.paypal-merchant.ru,ru,
PayPal,Kaspi (payments/bank),5sit.paypal-merchant.ru,ru,
PayPal,Kaspi (payments/bank),65cp.r.z5sacfrfn7.tgb6d4ck.6jcm.cfwh3jzqy.n.z7mard.yhfnxn4yif.yyg.44f4bm8jj.tjgs.a7fwx4s.y4sk4f.fs.2ejmf.jjxp.scyrz6q.3k4y.cn2gbzw.epjnheai6.ndsye.6b8scztpm.rbfkhx.de.w.2qkwnw.hmtr.5ntsprmyy.awejw.jphz.iyxw3qjcn.ens3c.pay.paypalcancel.cc,cc,
PayPal,Kaspi (payments/bank),6b8scztpm.rbfkhx.de.w.2qkwnw.hmtr.5ntsprmyy.awejw.jphz.iyxw3qjcn.ens3c.pay.paypalcancel.cc,cc,
PayPal,Kaspi (payments/bank),6hhymaxeqmv5w5xyogt2tyl33e--www-paypal-com.translate.goog,goog,
PayPal,Kaspi (payments/bank),7dex5cglcfpd7vpbzccohb2qgy-adwhj77lcyoafdy-www-paypal-com.translate.goog,goog,
PayPal,Kaspi (payments/bank),80246.paypal-merchant.ru,ru,
PayPal,Kaspi (payments/bank),83qn.webh.awnse.bb43nd.y.pay.paypalcancel.cc,cc,
PayPal,Kaspi (payments/bank),8whmyh4.bb43nd.y.pay.paypalcancel.cc,cc,
PayPal,Kaspi (payments/bank),a7fwx4s.y4sk4f.fs.2ejmf.jjxp.scyrz6q.3k4y.cn2gbzw.epjnheai6.ndsye.6b8scztpm.rbfkhx.de.w.2qkwnw.hmtr.5ntsprmyy.awejw.jphz.iyxw3qjcn.ens3c.pay.paypalcancel.cc,cc,
PayPal,Kaspi (payments/bank),access-paypal.web.westandasoneblog.com,com,
PayPal,Kaspi (payments/bank),account-paypal-abnormal.com,com,
PayPal,Kaspi (payments/bank),account-paypal-info.net,net,
PayPal,Kaspi (payments/bank),account-paypal-modify.com,com,
PayPal,Kaspi (payments/bank),account-paypal-safe.org,org,
PayPal,Kaspi (payments/bank),account-paypal-safety.net,net,
PayPal,Kaspi (payments/bank),account-paypal-safety.org,org,
PayPal,Kaspi (payments/bank),account-paypal-secure.net,net,
PayPal,Kaspi (payments/bank),account-paypal-security.com,com,
PayPal,Kaspi (payments/bank),account-paypal-setup.com,com,
PayPal,Kaspi (payments/bank),account-verification-paypal.ml,ml,
PayPal,Kaspi (payments/bank),account-verification-paypal.ternser.com,com,
PayPal,Kaspi (payments/bank),account.information-paypal.jobtelecoj.tk,tk,
PayPal,Kaspi (payments/bank),account.paypal.com.accountverification.xyz,xyz,
PayPal,Kaspi (payments/bank),account.paypal.com.frozen-account.xyz,xyz,
PayPal,Kaspi (payments/bank),account.paypal.com.limited-account.xyz,xyz,
PayPal,Kaspi (payments/bank),account.paypal.com.pending-account.xyz,xyz,
PayPal,Kaspi (payments/bank),account.paypal.com.restore-account.xyz,xyz,
PayPal,Kaspi (payments/bank),account.paypal.com.security-update.xyz,xyz,
PayPal,Kaspi (payments/bank),account.paypal.com.webapps-mpp.xyz,xyz,
PayPal,Kaspi (payments/bank),account.paypal.security.aceshiprecycling.com,com,
PayPal,Kaspi (payments/bank),activate-services-restore-paypal-update.lifanmoto.gr,gr,
PayPal,Kaspi (payments/bank),adme.farhad.dev.paypal-merchant.ru,ru,
PayPal,Kaspi (payments/bank),admin-ssophp.paypal-merchant.ru,ru,
PayPal,Kaspi (payments/bank),aeon-shipping.paypal-merchant.ru,ru,
PayPal,Kaspi (payments/bank),aktualisierung-paypal.com,com,
PayPal,Kaspi (payments/bank),alert-paypallserviceclient.ni2506480-10.web18.nitrado.hosting,hosting,
PayPal,Kaspi (payments/bank),alert.paypallserviceclientmise.ni2513317-1.web17.nitrado.hosting,hosting,
PayPal,Kaspi (payments/bank),amazon.co.jp.paypal-up.top,top,
PayPal,Kaspi (payments/bank),amendment-paypal.com,com,
PayPal,Kaspi (payments/bank),amendment-paypal.org,org,
PayPal,Kaspi (payments/bank),amm5t5s4hfdzenp7676nnqohn4-adwhj77lcyoafdy-www-paypal-com.translate.goog,goog,
PayPal,Kaspi (payments/bank),app-paypal-mobileverification-mobileappupdate-system-update.brook.es,es,
PayPal,Kaspi (payments/bank),apps.paypalgraphql.com,com,
PayPal,Kaspi (payments/bank),ar.service-paypal.net,net,
PayPal,Kaspi (payments/bank),assistenza-clienti-paypal.rf.gd,gd,
PayPal,Kaspi (payments/bank),at-paypal.com,com,
PayPal,Kaspi (payments/bank),au-paypalsafe.net,net,
PayPal,Kaspi (payments/bank),au-paypalverify.com,com,
PayPal,Kaspi (payments/bank),au-paypalverify.net,net,
PayPal,Kaspi (payments/bank),aus-paypal.com,com,
PayPal,Kaspi (payments/bank),aus-paypal.net,net,
PayPal,Kaspi (payments/bank),aus-paypal.org,org,
PayPal,Kaspi (payments/bank),auth-verify.paypal.com-webmatamuscrid26873.com,com,
PayPal,Kaspi (payments/bank),auth-verify.paypal.com-webmatamuscrid26891.com,com,
PayPal,Kaspi (payments/bank),authorize-paypal.servehttp.com,com,
PayPal,Kaspi (payments/bank),authourize-paypal0.serveirc.com,com,
PayPal,Kaspi (payments/bank),auty-paypalactive.sytes.net,net,
PayPal,Kaspi (payments/bank),b35cy33kkbcu3lmdz5rmpbeomi-adwhj77lcyoafdy-www-paypal-com.translate.goog,goog,
PayPal,Kaspi (payments/bank),bamboo.thor.paypal-merchant.ru,ru,
PayPal,Kaspi (payments/bank),bankofamerica-day.paypallfind.com,com,
PayPal,Kaspi (payments/bank),banned-paypal.com,com,
PayPal,Kaspi (payments/bank),bb43nd.y.pay.paypalcancel.cc,cc,
PayPal,Kaspi (payments/bank),bluering-web-shop-paypal.pages.dev,dev,pages.dev
PayPal,Kaspi (payments/bank),c.bb43nd.y.pay.paypalcancel.cc,cc,
PayPal,Kaspi (payments/bank),center-paypalsafety-paypal.2010.revenueportals.com,com,
PayPal,Kaspi (payments/bank),center-paypalsafety-paypal.2020it.revenueportals.com,com,
PayPal,Kaspi (payments/bank),check-paypal.org,org,
PayPal,Kaspi (payments/bank),claim-paypalwork-47.duckdns.org,org,
PayPal,Kaspi (payments/bank),clientinfo-paypal.org,org,
PayPal,Kaspi (payments/bank),comborunner.paypal-merchant.ru,ru,
PayPal,Kaspi (payments/bank),comet.webchat.adminpaypal-mestg.phpv1.paypal-merchant.ru,ru,
PayPal,Kaspi (payments/bank),compte-enligne-paypal.weebly.com,com,weebly.com
PayPal,Kaspi (payments/bank),compte-paypal-fr.net,net,
PayPal,Kaspi (payments/bank),conctact-paypal-com.mytim.mobi,mobi,
PayPal,Kaspi (payments/bank),confirmation-paiement-paypal1.weebly.com,com,weebly.com
PayPal,Kaspi (payments/bank),confirmation-paiement-paypal8.weebly.com,com,weebly.com
PayPal,Kaspi (payments/bank),connection-paypal-myaccountsettings221.pilia.online,online,
PayPal,Kaspi (payments/bank),contact1-paypal-com-service-clinet-norway489e67.maousofi.com,com,
PayPal,Kaspi (payments/bank),cuanao.paypal-merchant.ru,ru,
PayPal,Kaspi (payments/bank),cust20.support.paypal-merchant.ru,ru,
PayPal,Kaspi (payments/bank),cust20.www.support.paypal-merchant.ru,ru,
PayPal,Kaspi (payments/bank),cust45-machadmin.admin-ssophp.paypal-merchant.ru,ru,
PayPal,Kaspi (payments/bank),customerinfo-paypal.com,com,
PayPal,Kaspi (payments/bank),dcyc.paypal-merchant.ru,ru,
PayPal,Kaspi (payments/bank),de.paypal.konto.c1640328.ferozo.com,com,
PayPal,Kaspi (payments/bank),de.w.2qkwnw.hmtr.5ntsprmyy.awejw.jphz.iyxw3qjcn.ens3c.pay.paypalcancel.cc,cc,
PayPal,Kaspi (payments/bank),defence-paypal.net,net,
PayPal,Kaspi (payments/bank),dev-paypal-services69.pantheonsite.io,io,
PayPal,Kaspi (payments/bank),dhcp-230-66.paypal-merchant.ru,ru,
PayPal,Kaspi (payments/bank),dights.paypal-merchant.ru,ru,
PayPal,Kaspi (payments/bank),easl.qa.paypal-merchant.ru,ru,
PayPal,Kaspi (payments/bank),eluhvzt2fxwpmii4qoz7jred34--www-paypal-com.translate.goog,goog,
PayPal,Kaspi (payments/bank),email-service.paypalnetwork-foruserlimited.limitedacc9.com,com,
PayPal,Kaspi (payments/bank),emailaccounts-paypal02365656.com,com,
PayPal,Kaspi (payments/bank),en.service-paypal.net,net,
PayPal,Kaspi (payments/bank),ens3c.pay.paypalcancel.cc,cc,
PayPal,Kaspi (payments/bank),epjnheai6.ndsye.6b8scztpm.rbfkhx.de.w.2qkwnw.hmtr.5ntsprmyy.awejw.jphz.iyxw3qjcn.ens3c.pay.paypalcancel.cc,cc,
PayPal,Kaspi (payments/bank),epl.paypal-communication.com,com,
PayPal,Kaspi (payments/bank),epl.paypal-communication.lavieresorts.com,com,
PayPal,Kaspi (payments/bank),epl.paypal-communications.prohandicraft.com,com,
PayPal,Kaspi (payments/bank),epl.smartphone.paypal.safety.geniuselearning.com,com,
PayPal,Kaspi (payments/bank),es.service-paypal.net,net,
PayPal,Kaspi (payments/bank),espace-paypal.com,com,
PayPal,Kaspi (payments/bank),fr-service-paypal.com,com,
PayPal,Kaspi (payments/bank),fs.2ejmf.jjxp.scyrz6q.3k4y.cn2gbzw.epjnheai6.ndsye.6b8scztpm.rbfkhx.de.w.2qkwnw.hmtr.5ntsprmyy.awejw.jphz.iyxw3qjcn.ens3c.pay.paypalcancel.cc,cc,
PayPal,Kaspi (payments/bank),fxuenc4tbqtk6xuzgjhph3am6y-adwhj77lcyoafdy-www-paypal-com.translate.goog,goog,
PayPal,Kaspi (payments/bank),generatore-paypal2020.netlify.app,app,netlify.app
PayPal,Kaspi (payments/bank),gsierohv4zgayjanmrputhzlvy-adwhj77lcyoafdy-www-paypal-com.translate.goog,goog,
PayPal,Kaspi (payments/bank),hak7mrtmkmr66helwgevmqikri--www-paypal-com.translate.goog,goog,
PayPal,Kaspi (payments/bank),hak7mrtmkmr66helwgevmqikri-adwhj77lcyoafdy-www-paypal-com.translate.goog,goog,
PayPal,Kaspi (payments/bank),help.paypal-limited-uk.com,com,
PayPal,Kaspi (payments/bank),help.paypal.com.l.resolution-center.50-6-200-37.cprapid.com,com,
PayPal,Kaspi (payments/bank),hkubalbpbgk3tvuxn6pyosa2we-adwhj77lcyoafdy-www-paypal-com.translate.goog,goog,
PayPal,Kaspi (payments/bank),hnzayk.2dspsebim4.pay.paypalcancel.cc,cc,
PayPal,Kaspi (payments/bank),homeless.paypal-merchant.ru,ru,
PayPal,Kaspi (payments/bank),https.sandbox.paypal.com.ttlart2012ttcysu.aylandirow.tmf.org.ru,ru,
PayPal,Kaspi (payments/bank),https.www.paypal.com.ttlart2012ttcysu.aylandirow.tmf.org.ru,ru,
PayPal,Kaspi (payments/bank),https.www.sandbox.paypal.com.ttlart2012ttcysu.aylandirow.tmf.org.ru,ru,
PayPal,Kaspi (payments/bank),id.service.paypal.c1581156.ferozo.com,com,
PayPal,Kaspi (payments/bank),identity-paypal.vercel.app,app,vercel.app
PayPal,Kaspi (payments/bank),inc.paypal.service.c1620595.ferozo.com,com,
PayPal,Kaspi (payments/bank),info-paypal.xyz,xyz,
PayPal,Kaspi (payments/bank),intrs-paypal.com,com,
PayPal,Kaspi (payments/bank),iyxw3qjcn.ens3c.pay.paypalcancel.cc,cc,
PayPal,Kaspi (payments/bank),jo4gl3a26qsqmbldlykfglmaka--www-paypal-com.translate.goog,goog,
PayPal,Kaspi (payments/bank),jo4gl3a26qsqmbldlykfglmaka-adwhj77lcyoafdy-www-paypal-com.translate.goog,goog,
PayPal,Kaspi (payments/bank),kostenloses.paypal-kontopaypal-online-zahlungen.lipay.solutions,solutions,
PayPal,Kaspi (payments/bank),kundenlogin.paypal.de.allesraubkatze.eu,eu,
PayPal,Kaspi (payments/bank),limit-paypal.com,com,
PayPal,Kaspi (payments/bank),limited.paypal-account.corpec.co.id,id,
PayPal,Kaspi (payments/bank),limited.paypal.angkasasakti.co.id,id,
PayPal,Kaspi (payments/bank),login-paypal-actualisatie.web8016.cweb04.gamingweb.de,de,
PayPal,Kaspi (payments/bank),login-paypal-esp.webcindario.com,com,
PayPal,Kaspi (payments/bank),login-paypal.masterwebsite.repl.co,co,repl.co
PayPal,Kaspi (payments/bank),login.paypal.com.bayuputra.my.id,id,
PayPal,Kaspi (payments/bank),login.paypal.details-info-secure.com,com,
PayPal,Kaspi (payments/bank),login.paypal.fr.fly-car.co,co,
PayPal,Kaspi (payments/bank),mail.help.paypal.com.l.resolution-center.50-6-200-37.cprapid.com,com,
PayPal,Kaspi (payments/bank),mail.paypal-accountlocked.com,com,
PayPal,Kaspi (payments/bank),mail.paypal-login.se.ke,ke,
PayPal,Kaspi (payments/bank),mail.paypal-restoreaccountaccess.com,com,
PayPal,Kaspi (payments/bank),mail.paypal-secuirty.tk,tk,
PayPal,Kaspi (payments/bank),mail.paypal-verify-secure.com,com,
PayPal,Kaspi (payments/bank),mail.paypal-verify-youraccount.com,com,
PayPal,Kaspi (payments/bank),mail.paypal.com-confirme-acount.informations-service.online,online,
PayPal,Kaspi (payments/bank),mail.paypalid.co,co,
PayPal,Kaspi (payments/bank),mail.paypalsecures.gleeze.com,com,
PayPal,Kaspi (payments/bank),mail.paypalsecurity-limitation.com,com,
PayPal,Kaspi (payments/bank),mail.paypalverified.net,net,
PayPal,Kaspi (payments/bank),mail.secure-paypalservice.webredirect.org,org,
PayPal,Kaspi (payments/bank),marcohd2tb.paypal-merchant.ru,ru,
PayPal,Kaspi (payments/bank),merchant-security-paypal-gateway.tapaiben.com,com,
PayPal,Kaspi (payments/bank),mobile-https.paypal.info.timoi.info,info,
PayPal,Kaspi (payments/bank),my-paypal.asia,asia,
PayPal,Kaspi (payments/bank),my-paypalverified.redirectme.net,net,
PayPal,Kaspi (payments/bank),mysecurity.paypal.com.webscr.paypalogin.accountinfocase.resolve.paypal.comsecure.connection.ppsecure.paypal.com.intl.webscr.pp.notariaunicasalamina-caldas.com.co,co,
PayPal,Kaspi (payments/bank),n.z7mard.yhfnxn4yif.yyg.44f4bm8jj.tjgs.a7fwx4s.y4sk4f.fs.2ejmf.jjxp.scyrz6q.3k4y.cn2gbzw.epjnheai6.ndsye.6b8scztpm.rbfkhx.de.w.2qkwnw.hmtr.5ntsprmyy.awejw.jphz.iyxw3qjcn.ens3c.pay.paypalcancel.cc,cc,
PayPal,Kaspi (payments/bank),n3y67imqjqjx7zix253b54d47u--www-paypal-com.translate.goog,goog,
PayPal,Kaspi (payments/bank),n3y67imqjqjx7zix253b54d47u-adwhj77lcyoafdy-www-paypal-com.translate.goog,goog,
PayPal,Kaspi (payments/bank),ndsye.6b8scztpm.rbfkhx.de.w.2qkwnw.hmtr.5ntsprmyy.awejw.jphz.iyxw3qjcn.ens3c.pay.paypalcancel.cc,cc,
PayPal,Kaspi (payments/bank),nl.service-paypal.net,net,
PayPal,Kaspi (payments/bank),norreply.paypal.jajaleen.com,com,
PayPal,Kaspi (payments/bank),oc5p5jb3eyyqrvmlqpftgsrflm--www-paypal-com.translate.goog,goog,
PayPal,Kaspi (payments/bank),oc5p5jb3eyyqrvmlqpftgsrflm-adwhj77lcyoafdy-www-paypal-com.translate.goog,goog,
PayPal,Kaspi (payments/bank),oqwablplz57iz265oyzc3hh3au-adwhj77lcyoafdy-www-paypal-com.translate.goog,goog,
PayPal,Kaspi (payments/bank),or.devops.admin.admins.paypal-merchant.ru,ru,
PayPal,Kaspi (payments/bank),order-cprfap-qy.cfp.paypal-merchant.ru,ru,
PayPal,Kaspi (payments/bank),origin1-mobileclient.sandbox.paypal.com.mysunrise-kunden.de,de,
PayPal,Kaspi (payments/bank),orion1130.paypal-merchant.ru,ru,
PayPal,Kaspi (payments/bank),p113110.paypal-merchant.ru,ru,
PayPal,Kaspi (payments/bank),p18n3.paypal-merchant.ru,ru,
PayPal,Kaspi (payments/bank),p6j3b.hnzayk.2dspsebim4.pay.paypalcancel.cc,cc,
PayPal,Kaspi (payments/bank),paiement-paypal.fr.lookfeelperform.co.uk,uk,
PayPal,Kaspi (payments/bank),paypal--aidan1234567898.repl.co,co,repl.co
PayPal,Kaspi (payments/bank),paypal-1983909277832.com,com,
PayPal,Kaspi (payments/bank),paypal-38283.com,com,
PayPal,Kaspi (payments/bank),paypal-abnormal-activity.org,org,
PayPal,Kaspi (payments/bank),paypal-access-81737.netlify.app,app,netlify.app
PayPal,Kaspi (payments/bank),paypal-account-au.com,com,
PayPal,Kaspi (payments/bank),paypal-account-au.net,net,
PayPal,Kaspi (payments/bank),paypal-account-center.net,net,
PayPal,Kaspi (payments/bank),paypal-account-centre.net,net,
PayPal,Kaspi (payments/bank),paypal-account-centre.org,org,
PayPal,Kaspi (payments/bank),paypal-account-consume.com,com,
PayPal,Kaspi (payments/bank),paypal-account-office.relocatoremovals.in,in,
PayPal,Kaspi (payments/bank),paypal-account-payment.net,net,
PayPal,Kaspi (payments/bank),paypal-account-security-service.mytelevisionprograms.com,com,
PayPal,Kaspi (payments/bank),paypal-account-setting.net,net,
PayPal,Kaspi (payments/bank),paypal-account-setting.org,org,
PayPal,Kaspi (payments/bank),paypal-account-transaction.org,org,
PayPal,Kaspi (payments/bank),paypal-account-unlock.xyz,xyz,
PayPal,Kaspi (payments/bank),paypal-account-verify.wademorris.com,com,
PayPal,Kaspi (payments/bank),paypal-account.c1w.xyz,xyz,
PayPal,Kaspi (payments/bank),paypal-account.mo06.xyz,xyz,
PayPal,Kaspi (payments/bank),paypal-account.pro,pro,
PayPal,Kaspi (payments/bank),paypal-account.vercel.app,app,vercel.app
PayPal,Kaspi (payments/bank),paypal-accountcheck.serveirc.com,com,
PayPal,Kaspi (payments/bank),paypal-accountx.myvnc.com,com,
PayPal,Kaspi (payments/bank),paypal-activity.com,com,
PayPal,Kaspi (payments/bank),paypal-activitygiftcard.neocities.org,org,
PayPal,Kaspi (payments/bank),paypal-agent.net,net,
PayPal,Kaspi (payments/bank),paypal-anomalous-transaction.org,org,
PayPal,Kaspi (payments/bank),paypal-apimatic.pages.dev,dev,pages.dev
PayPal,Kaspi (payments/bank),paypal-assistance.com,com,
PayPal,Kaspi (payments/bank),paypal-assistances.com,com,
PayPal,Kaspi (payments/bank),paypal-authentication.com,com,
PayPal,Kaspi (payments/bank),paypal-authflow.herokuapp.com,com,
PayPal,Kaspi (payments/bank),paypal-bill.com,com,
PayPal,Kaspi (payments/bank),paypal-brasil.siteprofissional.com,com,
PayPal,Kaspi (payments/bank),paypal-cardstop.com,com,
PayPal,Kaspi (payments/bank),paypal-carregamento.pt,pt,
PayPal,Kaspi (payments/bank),paypal-centre.com,com,
PayPal,Kaspi (payments/bank),paypal-check.org,org,
PayPal,Kaspi (payments/bank),paypal-client-au.net,net,
PayPal,Kaspi (payments/bank),paypal-clientinfo.com,com,
PayPal,Kaspi (payments/bank),paypal-clientinfo.net,net,
PayPal,Kaspi (payments/bank),paypal-comn.byethost24.com,com,
PayPal,Kaspi (payments/bank),paypal-confirm-account-informations.hotelpousadamaracana.com.br,br,
PayPal,Kaspi (payments/bank),paypal-connexion.info,info,
PayPal,Kaspi (payments/bank),paypal-credit.anamezing.com,com,
PayPal,Kaspi (payments/bank),paypal-creedit30.duckdns.org,org,
PayPal,Kaspi (payments/bank),paypal-customer-reset.com,com,
PayPal,Kaspi (payments/bank),paypal-customer-setting.net,net,
PayPal,Kaspi (payments/bank),paypal-customerinfo.com,com,
PayPal,Kaspi (payments/bank),paypal-database.com,com,
PayPal,Kaspi (payments/bank),paypal-de-863178.verifikationsprozess.info,info,
PayPal,Kaspi (payments/bank),paypal-de-verifikationsprozess-0144738.customertransfermanagment.icu,icu,
PayPal,Kaspi (payments/bank),paypal-de.live,live,
PayPal,Kaspi (payments/bank),paypal-demo.tk,tk,
PayPal,Kaspi (payments/bank),paypal-entrance7.com,com,
PayPal,Kaspi (payments/bank),paypal-event.net,net,
PayPal,Kaspi (payments/bank),paypal-express-checkout.danielschreurs.com,com,
PayPal,Kaspi (payments/bank),paypal-failure.org,org,
PayPal,Kaspi (payments/bank),paypal-forbid-payment.net,net,
PayPal,Kaspi (payments/bank),paypal-fr.rf.gd,gd,
PayPal,Kaspi (payments/bank),paypal-free-balance2021.otzo.com,com,
PayPal,Kaspi (payments/bank),paypal-giftcard-error.netlify.com,com,
PayPal,Kaspi (payments/bank),paypal-gutscheincode.blogspot.com,com,
PayPal,Kaspi (payments/bank),paypal-helps-seller-ebay.gitlab.io,io,
PayPal,Kaspi (payments/bank),paypal-id-signin-customer-center-auth-en.cf,cf,
PayPal,Kaspi (payments/bank),paypal-id.signin-customer-center-customer-locale-x-en.cf,cf,
PayPal,Kaspi (payments/bank),paypal-important-security.com,com,
PayPal,Kaspi (payments/bank),paypal-incsecure.ddns.net,net,
PayPal,Kaspi (payments/bank),paypal-inloggen.com,com,
PayPal,Kaspi (payments/bank),paypal-intl845.serveirc.com,com,
PayPal,Kaspi (payments/bank),paypal-is-webapps-mpp-home.teksupport.ca,ca,
PayPal,Kaspi (payments/bank),paypal-issues.cf,cf,
PayPal,Kaspi (payments/bank),paypal-kr.com,com,
PayPal,Kaspi (payments/bank),paypal-kundenservice.de,de,
PayPal,Kaspi (payments/bank),paypal-limit-case.net,net,
PayPal,Kaspi (payments/bank),paypal-limit-centre.com,com,
PayPal,Kaspi (payments/bank),paypal-limitation.shenessaywriters.com,com,
PayPal,Kaspi (payments/bank),paypal-limitationalert.com,com,
PayPal,Kaspi (payments/bank),paypal-limitato-conferma.kozow.com,com,
PayPal,Kaspi (payments/bank),paypal-limitemonth.gleeze.com,com,
PayPal,Kaspi (payments/bank),paypal-limt-payment.com,com,
PayPal,Kaspi (payments/bank),paypal-loans.com,com,
PayPal,Kaspi (payments/bank),paypal-lock-consume.com,com,
PayPal,Kaspi (payments/bank),paypal-lock-payment.net,net,
PayPal,Kaspi (payments/bank),paypal-log-in.ga,ga,
PayPal,Kaspi (payments/bank),paypal-login-confirm.4dkamuiscileri.com,com,
PayPal,Kaspi (payments/bank),paypal-login-mny-accountt.gitbook.io,io,
PayPal,Kaspi (payments/bank),paypal-login.2app.top,top,
PayPal,Kaspi (payments/bank),paypal-login.airsupplycompany.com,com,
PayPal,Kaspi (payments/bank),paypal-login.gitbook.io,io,
PayPal,Kaspi (payments/bank),paypal-login.pacificoestereo.com,com,
PayPal,Kaspi (payments/bank),paypal-login.site,site,
PayPal,Kaspi (payments/bank),paypal-login.u4385421br.ha003.t.justns.ru,ru,
PayPal,Kaspi (payments/bank),paypal-login285.com,com,
PayPal,Kaspi (payments/bank),paypal-login286.com,com,
PayPal,Kaspi (payments/bank),paypal-login288.com,com,
PayPal,Kaspi (payments/bank),paypal-loginns.gitbook.io,io,
PayPal,Kaspi (payments/bank),paypal-ltd.com,com,
PayPal,Kaspi (payments/bank),paypal-making.bounceme.net,net,
PayPal,Kaspi (payments/bank),paypal-mangement.com,com,
PayPal,Kaspi (payments/bank),paypal-me-alessandra-martini.com,com,
PayPal,Kaspi (payments/bank),paypal-me-cristina-blr.com,com,
PayPal,Kaspi (payments/bank),paypal-me.catherinevinolo.com,com,
PayPal,Kaspi (payments/bank),paypal-me.katalog.cyou,cyou,
PayPal,Kaspi (payments/bank),paypal-member.serveirc.com,com,
PayPal,Kaspi (payments/bank),paypal-members.herokuapp.com,com,
PayPal,Kaspi (payments/bank),paypal-merchant.com,com,
PayPal,Kaspi (payments/bank),paypal-merchant.ru,ru,
PayPal,Kaspi (payments/bank),paypal-mmm.ddns.net,net,
PayPal,Kaspi (payments/bank),paypal-myaccount-verify-com.preview-domain.com,com,
PayPal,Kaspi (payments/bank),paypal-myacount.com,com,
PayPal,Kaspi (payments/bank),paypal-nopay.top,top,
PayPal,Kaspi (payments/bank),paypal-oauth.com,com,
PayPal,Kaspi (payments/bank),paypal-offe-claim-now.myservicelab.com,com,
PayPal,Kaspi (payments/bank),paypal-online.casino,casino,
PayPal,Kaspi (payments/bank),paypal-online.serveuser.com,com,
PayPal,Kaspi (payments/bank),paypal-opladen.be,be,
PayPal,Kaspi (payments/bank),paypal-orders1.serveftp.com,com,
PayPal,Kaspi (payments/bank),paypal-password-reset.pardis-mobile.ir,ir,
PayPal,Kaspi (payments/bank),paypal-pay-error.neocities.org,org,
PayPal,Kaspi (payments/bank),paypal-payment-au.net,net,
PayPal,Kaspi (payments/bank),paypal-payment-reset.net,net,
PayPal,Kaspi (payments/bank),paypal-payment-setting.net,net,
PayPal,Kaspi (payments/bank),paypal-poc-apimatic.pages.dev,dev,pages.dev
PayPal,Kaspi (payments/bank),paypal-profile.com,com,
PayPal,Kaspi (payments/bank),paypal-protect.fr,fr,
PayPal,Kaspi (payments/bank),paypal-recovery-update.com,com,
PayPal,Kaspi (payments/bank),paypal-recovery.secure2-signin.cf,cf,
PayPal,Kaspi (payments/bank),paypal-resfdtt.ddns.net,net,
PayPal,Kaspi (payments/bank),paypal-resolution.org,org,
PayPal,Kaspi (payments/bank),paypal-restoreaccountaccess.com,com,
PayPal,Kaspi (payments/bank),paypal-restrictions.com,com,
PayPal,Kaspi (payments/bank),paypal-safe-activity.net,net,
PayPal,Kaspi (payments/bank),paypal-safeagent.help,help,
PayPal,Kaspi (payments/bank),paypal-safeagent.shop,shop,
PayPal,Kaspi (payments/bank),paypal-safecentre.cc,cc,
PayPal,Kaspi (payments/bank),paypal-safecentre.id,id,
PayPal,Kaspi (payments/bank),paypal-safein.cc,cc,
PayPal,Kaspi (payments/bank),paypal-safeonline.org,org,
PayPal,Kaspi (payments/bank),paypal-safety-case.com,com,
PayPal,Kaspi (payments/bank),paypal-safety01.xyz,xyz,
PayPal,Kaspi (payments/bank),paypal-safety02.xyz,xyz,
PayPal,Kaspi (payments/bank),paypal-safetyau.cc,cc,
PayPal,Kaspi (payments/bank),paypal-safetyin.cc,cc,
PayPal,Kaspi (payments/bank),paypal-safetyin.org,org,
PayPal,Kaspi (payments/bank),paypal-safyidentify.cc,cc,
PayPal,Kaspi (payments/bank),paypal-secuirty.tk,tk,
PayPal,Kaspi (payments/bank),paypal-secure-activity.org,org,
PayPal,Kaspi (payments/bank),paypal-secure-center.com,com,
PayPal,Kaspi (payments/bank),paypal-secure-login-authentication.loophole.site,site,
PayPal,Kaspi (payments/bank),paypal-secure-payment.org,org,
PayPal,Kaspi (payments/bank),paypal-secure-reset.s3.eu-gb.cloud-object-storage.appdomain.cloud,cloud,
PayPal,Kaspi (payments/bank),paypal-secure-transaction.net,net,
PayPal,Kaspi (payments/bank),paypal-secure-transaction.org,org,
PayPal,Kaspi (payments/bank),paypal-secure-window.gb.net,net,
PayPal,Kaspi (payments/bank),paypal-secureagent.org,org,
PayPal,Kaspi (payments/bank),paypal-secureagent.shop,shop,
PayPal,Kaspi (payments/bank),paypal-securecheck-update.com,com,
PayPal,Kaspi (payments/bank),paypal-secureclient.com,com,
PayPal,Kaspi (payments/bank),paypal-secureidentify.cc,cc,
PayPal,Kaspi (payments/bank),paypal-secureidentify.net,net,
PayPal,Kaspi (payments/bank),paypal-secureonline.org,org,
PayPal,Kaspi (payments/bank),paypal-secureteam.cc,cc,
PayPal,Kaspi (payments/bank),paypal-secureteam.id,id,
PayPal,Kaspi (payments/bank),paypal-securite-information.com-account-updating.x-erotic-desire-by-ash.com,com,
PayPal,Kaspi (payments/bank),paypal-security-alert.com,com,
PayPal,Kaspi (payments/bank),paypal-security-alert.ml,ml,
PayPal,Kaspi (payments/bank),paypal-security-login-com.techack.xyz,xyz,
PayPal,Kaspi (payments/bank),paypal-security-payment.7867888.com,com,
PayPal,Kaspi (payments/bank),paypal-security-payment.xkzfc.com,com,
PayPal,Kaspi (payments/bank),paypal-security-payment.zcygczz.com,com,
PayPal,Kaspi (payments/bank),paypal-security-payment.zqiansui.com,com,
PayPal,Kaspi (payments/bank),paypal-security-payment.zwangke.com,com,
PayPal,Kaspi (payments/bank),paypal-security-session.cf,cf,
PayPal,Kaspi (payments/bank),paypal-security-transaction.com,com,
PayPal,Kaspi (payments/bank),paypal-security-transaction.org,org,
PayPal,Kaspi (payments/bank),paypal-security-us.com,com,
PayPal,Kaspi (payments/bank),paypal-securityau.org,org,
PayPal,Kaspi (payments/bank),paypal-securityin.org,org,
PayPal,Kaspi (payments/bank),paypal-servece.blogspot.tw,tw,
PayPal,Kaspi (payments/bank),paypal-service-client.c1610970.ferozo.com,com,
PayPal,Kaspi (payments/bank),paypal-service.aywsw.com,com,
PayPal,Kaspi (payments/bank),paypal-service.com-nex.life,life,
PayPal,Kaspi (payments/bank),paypal-service.pages.dev,dev,pages.dev
PayPal,Kaspi (payments/bank),paypal-service3d.com,com,
PayPal,Kaspi (payments/bank),paypal-serviced.ddns.net,net,
PayPal,Kaspi (payments/bank),paypal-services-limited.getresponse.life,life,
PayPal,Kaspi (payments/bank),paypal-services.zzux.com,com,
PayPal,Kaspi (payments/bank),paypal-sign-in.com,com,
PayPal,Kaspi (payments/bank),paypal-signin.rf.gd,gd,
PayPal,Kaspi (payments/bank),paypal-site-giftcard.gitlab.io,io,
PayPal,Kaspi (payments/bank),paypal-sitepaygiftcard.gitlab.io,io,
PayPal,Kaspi (payments/bank),paypal-ssl-secure-link-secureservers.tallyitupnow.com,com,
PayPal,Kaspi (payments/bank),paypal-summary-login.blogspot.ae,ae,
PayPal,Kaspi (payments/bank),paypal-summary-login.blogspot.be,be,
PayPal,Kaspi (payments/bank),paypal-summary-login.blogspot.com,com,
PayPal,Kaspi (payments/bank),paypal-summary.servepics.com,com,
PayPal,Kaspi (payments/bank),paypal-support-01.duckdns.org,org,
PayPal,Kaspi (payments/bank),paypal-support-customercare.comprasferrovelho.com.br,br,
PayPal,Kaspi (payments/bank),paypal-support-page.page-database-list.com,com,
PayPal,Kaspi (payments/bank),paypal-support.com.desenvolvedortheosbank.com.br,br,
PayPal,Kaspi (payments/bank),paypal-supportcom.hopto.org,org,
PayPal,Kaspi (payments/bank),paypal-team.com,com,
PayPal,Kaspi (payments/bank),paypal-techsupports.com,com,
PayPal,Kaspi (payments/bank),paypal-ticketid5897.com,com,
PayPal,Kaspi (payments/bank),paypal-transaction-reset.com,com,
PayPal,Kaspi (payments/bank),paypal-uk-webcmd-login.done-login-access-krf41asdsge4h6g354sa3sdwej5yxncv54er.sentient.asia,asia,
PayPal,Kaspi (payments/bank),paypal-uk.buzz,buzz,
PayPal,Kaspi (payments/bank),paypal-uk.icu,icu,
PayPal,Kaspi (payments/bank),paypal-unlimited.org,org,
PayPal,Kaspi (payments/bank),paypal-upadate.rewalty.com,com,
PayPal,Kaspi (payments/bank),paypal-update-uss.azurewebsites.net,net,
PayPal,Kaspi (payments/bank),paypal-update-v8.ga,ga,
PayPal,Kaspi (payments/bank),paypal-update-verify.pineapplefloatexpress.com,com,
PayPal,Kaspi (payments/bank),paypal-update.com.peds-apps.com,com,
PayPal,Kaspi (payments/bank),paypal-update.mushor.com,com,
PayPal,Kaspi (payments/bank),paypal-update.vossejacht.com,com,
PayPal,Kaspi (payments/bank),paypal-updatesecure.serveirc.com,com,
PayPal,Kaspi (payments/bank),paypal-updating-me.azurewebsites.net,net,
PayPal,Kaspi (payments/bank),paypal-us-helpspay.gitlab.io,io,
PayPal,Kaspi (payments/bank),paypal-us-verify.com,com,
PayPal,Kaspi (payments/bank),paypal-user-au.org,org,
PayPal,Kaspi (payments/bank),paypal-user-center.com,com,
PayPal,Kaspi (payments/bank),paypal-user-consume.net,net,
PayPal,Kaspi (payments/bank),paypal-user-payment.com,com,
PayPal,Kaspi (payments/bank),paypal-user-payment.net,net,
PayPal,Kaspi (payments/bank),paypal-user-setup.net,net,
PayPal,Kaspi (payments/bank),paypal-useraccount-verify.com,com,
PayPal,Kaspi (payments/bank),paypal-userinfo.net,net,
PayPal,Kaspi (payments/bank),paypal-userinfo.org,org,
PayPal,Kaspi (payments/bank),paypal-verification.applmanager.com,com,
PayPal,Kaspi (payments/bank),paypal-verification.dmgpak.com,com,
PayPal,Kaspi (payments/bank),paypal-verificationau.cc,cc,
PayPal,Kaspi (payments/bank),paypal-verificationin.help,help,
PayPal,Kaspi (payments/bank),paypal-verificationin.org,org,
PayPal,Kaspi (payments/bank),paypal-verificationservice-xyz.preview-domain.com,com,
PayPal,Kaspi (payments/bank),paypal-verified-account.com,com,
PayPal,Kaspi (payments/bank),paypal-verified.ddns.net,net,
PayPal,Kaspi (payments/bank),paypal-verify-3592425.mons.best,best,
PayPal,Kaspi (payments/bank),paypal-verify-account.com.bapasgarut.com,com,
PayPal,Kaspi (payments/bank),paypal-verify-configuration-2f5f6e-409d-6c4901a5264-com.cf,cf,
PayPal,Kaspi (payments/bank),paypal-verify-secure.com,com,
PayPal,Kaspi (payments/bank),paypal-verify.carter-traders.com,com,
PayPal,Kaspi (payments/bank),paypal-verify.jovani.top,top,
PayPal,Kaspi (payments/bank),paypal-verifyaccounts.africanbookbank.org,org,
PayPal,Kaspi (payments/bank),paypal-verifyagent.help,help,
PayPal,Kaspi (payments/bank),paypal-verifycentre.cc,cc,
PayPal,Kaspi (payments/bank),paypal-verifyin.org,org,
PayPal,Kaspi (payments/bank),paypal-youraccount.com,com,
PayPal,Kaspi (payments/bank),paypal.0w1.co,co,
PayPal,Kaspi (payments/bank),paypal.16-171-94-79.cprapid.com,com,
PayPal,Kaspi (payments/bank),paypal.2020.51kj.top,top,
PayPal,Kaspi (payments/bank),paypal.39pay.de,de,
PayPal,Kaspi (payments/bank),paypal.3dsecure-accounnt-review.pilotbit.ga,ga,
PayPal,Kaspi (payments/bank),paypal.3r6u.su,su,
PayPal,Kaspi (payments/bank),paypal.3uk3.co,co,
PayPal,Kaspi (payments/bank),paypal.4uk4.top,top,
PayPal,Kaspi (payments/bank),paypal.a2fb.top,top,
PayPal,Kaspi (payments/bank),paypal.abdverse.com,com,
PayPal,Kaspi (payments/bank),paypal.account-resolution-centre-ref301.com,com,
PayPal,Kaspi (payments/bank),paypal.account-uk.co,co,
PayPal,Kaspi (payments/bank),paypal.account-verifydataupdate.com,com,
PayPal,Kaspi (payments/bank),paypal.account.com.cuteideas.gr,gr,
PayPal,Kaspi (payments/bank),paypal.account.com.dailyprint.gr,gr,
PayPal,Kaspi (payments/bank),paypal.accountguest.repl.co,co,repl.co
PayPal,Kaspi (payments/bank),paypal.accounthelponline.com,com,
PayPal,Kaspi (payments/bank),paypal.accounts-info.com,com,
PayPal,Kaspi (payments/bank),paypal.adlks.com,com,
PayPal,Kaspi (payments/bank),paypal.admin-authorisation.com,com,
PayPal,Kaspi (payments/bank),paypal.aidan1234567898.repl.co,co,repl.co
PayPal,Kaspi (payments/bank),paypal.aisgwb.org,org,
PayPal,Kaspi (payments/bank),paypal.albuquerque.one,one,
PayPal,Kaspi (payments/bank),paypal.assured.fun,fun,
PayPal,Kaspi (payments/bank),paypal.authorisation-ref.com,com,
PayPal,Kaspi (payments/bank),paypal.authtransfer.com,com,
PayPal,Kaspi (payments/bank),paypal.b2pay.top,top,
PayPal,Kaspi (payments/bank),paypal.berbudi.my.id,id,
PayPal,Kaspi (payments/bank),paypal.billing-fees.com,com,
PayPal,Kaspi (payments/bank),paypal.blue,blue,
PayPal,Kaspi (payments/bank),paypal.btqnet.cn,cn,
PayPal,Kaspi (payments/bank),paypal.c2pay.top,top,
PayPal,Kaspi (payments/bank),paypal.caclass.com,com,
PayPal,Kaspi (payments/bank),paypal.case-id0233.com,com,
PayPal,Kaspi (payments/bank),paypal.case-id0933.com,com,
PayPal,Kaspi (payments/bank),paypal.case-id1214.com,com,
PayPal,Kaspi (payments/bank),paypal.case-id3390.com,com,
PayPal,Kaspi (payments/bank),paypal.case-id9033.com,com,
PayPal,Kaspi (payments/bank),paypal.case-ref390.com,com,
PayPal,Kaspi (payments/bank),paypal.case-ref70.com,com,
PayPal,Kaspi (payments/bank),paypal.centerhelpuk-online.com,com,
PayPal,Kaspi (payments/bank),paypal.cfam36.org,org,
PayPal,Kaspi (payments/bank),paypal.ch.payinfoss.com.82-220-38-236.509.hosttech.eu,eu,
PayPal,Kaspi (payments/bank),paypal.ch.webscr.filedeliverys.com,com,
PayPal,Kaspi (payments/bank),paypal.claim-verify.com,com,
PayPal,Kaspi (payments/bank),paypal.clientes.tuwebcloud.us,us,
PayPal,Kaspi (payments/bank),paypal.co.com.kqhrkt.ph,ph,
PayPal,Kaspi (payments/bank),paypal.co.uk-app.com,com,
PayPal,Kaspi (payments/bank),paypal.co.uk-id3409.com,com,
PayPal,Kaspi (payments/bank),paypal.co.uk.0its.icu,icu,
PayPal,Kaspi (payments/bank),paypal.co.uk.274p.ru,ru,
PayPal,Kaspi (payments/bank),paypal.co.uk.3r6u.su,su,
PayPal,Kaspi (payments/bank),paypal.co.uk.6b4h.in,in,
PayPal,Kaspi (payments/bank),paypal.co.uk.6du5.ru,ru,
PayPal,Kaspi (payments/bank),paypal.co.uk.7as9.icu,icu,
PayPal,Kaspi (payments/bank),paypal.co.uk.7mwk.icu,icu,
PayPal,Kaspi (payments/bank),paypal.co.uk.7s7v.in,in,
PayPal,Kaspi (payments/bank),paypal.co.uk.8b0g.xyz,xyz,
PayPal,Kaspi (payments/bank),paypal.co.uk.8ntp.icu,icu,
PayPal,Kaspi (payments/bank),paypal.co.uk.8qjj.icu,icu,
PayPal,Kaspi (payments/bank),paypal.co.uk.8zih.icu,icu,
PayPal,Kaspi (payments/bank),paypal.co.uk.9csa.icu,icu,
PayPal,Kaspi (payments/bank),paypal.co.uk.ag8w.eu,eu,
PayPal,Kaspi (payments/bank),paypal.co.uk.akvb.in,in,
PayPal,Kaspi (payments/bank),paypal.co.uk.b2ky.icu,icu,
PayPal,Kaspi (payments/bank),paypal.co.uk.bov4.icu,icu,
PayPal,Kaspi (payments/bank),paypal.co.uk.bvn6.ru,ru,
PayPal,Kaspi (payments/bank),paypal.co.uk.bwgg.in,in,
PayPal,Kaspi (payments/bank),paypal.co.uk.c366.eu,eu,
PayPal,Kaspi (payments/bank),paypal.co.uk.c3ul.ru,ru,
PayPal,Kaspi (payments/bank),paypal.co.uk.caxr.icu,icu,
PayPal,Kaspi (payments/bank),paypal.co.uk.centerservice.co.uk,uk,
PayPal,Kaspi (payments/bank),paypal.co.uk.d2zj.ru,ru,
PayPal,Kaspi (payments/bank),paypal.co.uk.e47n.icu,icu,
PayPal,Kaspi (payments/bank),paypal.co.uk.eb1d.ru,ru,
PayPal,Kaspi (payments/bank),paypal.co.uk.g6tl.icu,icu,
PayPal,Kaspi (payments/bank),paypal.co.uk.gc75.ru,ru,
PayPal,Kaspi (payments/bank),paypal.co.uk.h4ce.icu,icu,
PayPal,Kaspi (payments/bank),paypal.co.uk.h5py.icu,icu,
PayPal,Kaspi (payments/bank),paypal.co.uk.h6ym.icu,icu,
PayPal,Kaspi (payments/bank),paypal.co.uk.hfqq.icu,icu,
PayPal,Kaspi (payments/bank),paypal.co.uk.i8n9.icu,icu,
PayPal,Kaspi (payments/bank),paypal.co.uk.iu6u.icu,icu,
PayPal,Kaspi (payments/bank),paypal.co.uk.iwpe.icu,icu,
PayPal,Kaspi (payments/bank),paypal.co.uk.j7q4.icu,icu,
PayPal,Kaspi (payments/bank),paypal.co.uk.k5q1.in,in,
PayPal,Kaspi (payments/bank),paypal.co.uk.khb7.in,in,
PayPal,Kaspi (payments/bank),paypal.co.uk.lti32.ga,ga,
PayPal,Kaspi (payments/bank),paypal.co.uk.lup7.icu,icu,
PayPal,Kaspi (payments/bank),paypal.co.uk.lux4.in,in,
PayPal,Kaspi (payments/bank),paypal.co.uk.nd6g.in,in,
PayPal,Kaspi (payments/bank),paypal.co.uk.nkqh.ru,ru,
PayPal,Kaspi (payments/bank),paypal.co.uk.nuqu.su,su,
PayPal,Kaspi (payments/bank),paypal.co.uk.o5yq.icu,icu,
PayPal,Kaspi (payments/bank),paypal.co.uk.o78s.top,top,
PayPal,Kaspi (payments/bank),paypal.co.uk.o7cw.icu,icu,
PayPal,Kaspi (payments/bank),paypal.co.uk.owz8.icu,icu,
PayPal,Kaspi (payments/bank),paypal.co.uk.p5dq.icu,icu,
PayPal,Kaspi (payments/bank),paypal.co.uk.pzw0.icu,icu,
PayPal,Kaspi (payments/bank),paypal.co.uk.qizx.ru,ru,
PayPal,Kaspi (payments/bank),paypal.co.uk.rk0d.in,in,
PayPal,Kaspi (payments/bank),paypal.co.uk.sw8n.icu,icu,
PayPal,Kaspi (payments/bank),paypal.co.uk.ur9o.icu,icu,
PayPal,Kaspi (payments/bank),paypal.co.uk.user0rii3zvuy5o.figurine1p.com,com,
PayPal,Kaspi (payments/bank),paypal.co.uk.userrnc55buziee.figurine1p.com,com,
PayPal,Kaspi (payments/bank),paypal.co.uk.userzdujwobjrvr.figurine1p.com,com,
PayPal,Kaspi (payments/bank),paypal.co.uk.vld9.ru,ru,
PayPal,Kaspi (payments/bank),paypal.co.uk.w97s.top,top,
PayPal,Kaspi (payments/bank),paypal.co.uk.xqhk.icu,icu,
PayPal,Kaspi (payments/bank),paypal.co.uk.ye5v.icu,icu,
PayPal,Kaspi (payments/bank),paypal.co.uk.za2g.icu,icu,
PayPal,Kaspi (payments/bank),paypal.collyer.xyz,xyz,
PayPal,Kaspi (payments/bank),paypal.com-accountreview.com,com,
PayPal,Kaspi (payments/bank),paypal.com-cgi-bin.info,info,
PayPal,Kaspi (payments/bank),paypal.com-confirm-account.oficinasylocalesfiore.com,com,
PayPal,Kaspi (payments/bank),paypal.com-index.php-security-verification.8732028309sakowejoeqjlmdaslkewq8euj.7yaseyuso2192.378282729bwhwj.com,com,
PayPal,Kaspi (payments/bank),paypal.com-informationaccounts.com,com,
PayPal,Kaspi (payments/bank),paypal.com-j3.xyz,xyz,
PayPal,Kaspi (payments/bank),paypal.com-limited-secure-login-account.exiledigital.net,net,
PayPal,Kaspi (payments/bank),paypal.com-manage.account.verifiergateway.com,com,
PayPal,Kaspi (payments/bank),paypal.com-redirect.safe-url.fast.server-secure.https.yoursecretadmire.com,com,
PayPal,Kaspi (payments/bank),paypal.com-servers.live,live,
PayPal,Kaspi (payments/bank),paypal.com-services-account.recover.redirect-secure.australiaperfectservices.com,com,
PayPal,Kaspi (payments/bank),paypal.com-support-verificatio-account-webapps-ab724a.cloudns.asia,asia,
PayPal,Kaspi (payments/bank),paypal.com-u.xyz,xyz,
PayPal,Kaspi (payments/bank),paypal.com-update-information.secure.yo.fr,fr,
PayPal,Kaspi (payments/bank),paypal.com-update-payment.alqubtanrental.com,com,
PayPal,Kaspi (payments/bank),paypal.com-update.accounts-information.marinacestaspersonalizadas.com.br,br,
PayPal,Kaspi (payments/bank),paypal.com-update.accounts.paypal.thepresidencyschool.com,com,
PayPal,Kaspi (payments/bank),paypal.com-us.cgi-bin-webscr-cmd.login-submit-dispatch.74fghghs68g484iky4mn86we8r46d4h38df4b83m48hg3ui4tt14s83f4xcfdaa.simonvandi.com,com,
PayPal,Kaspi (payments/bank),paypal.com-webappss-account.keysfishingdirectory.com,com,
PayPal,Kaspi (payments/bank),paypal.com.0.confirmation.account-security.39612823e89e12155115a36a9b9328ae39612823e89e12155115a36a9b932.3233.privado.info,info,
PayPal,Kaspi (payments/bank),paypal.com.0.confirmation.account-security.7741d16fef9571be97716a958700fe4d7741d16fef9571be97716a958700f.3233.privado.info,info,
PayPal,Kaspi (payments/bank),paypal.com.0.confirmation.account-security.8319feeed6c3ad4ef9704f7a9255bb398319feeed6c3ad4ef9704f7a9255b.3233.privado.info,info,
PayPal,Kaspi (payments/bank),paypal.com.0.security-confirmation.2baec31fde8a031a2b64ca6254f8726c.as2.2u.se,se,
PayPal,Kaspi (payments/bank),paypal.com.0.security-confirmation.33e2a67a6821a07df68e48066fdcd869.as2.2u.se,se,
PayPal,Kaspi (payments/bank),paypal.com.385e13265e7d403701f17976b83c0d63.info,info,
PayPal,Kaspi (payments/bank),paypal.com.account.update.paypal.com.paradiseyouthclub.com,com,
PayPal,Kaspi (payments/bank),paypal.com.accountlocked.libredelestres.com,com,
PayPal,Kaspi (payments/bank),paypal.com.accounts-resolution-center.xyz,xyz,
PayPal,Kaspi (payments/bank),paypal.com.au-deviceid7956075-customer83034.julienobles.com,com,
PayPal,Kaspi (payments/bank),paypal.com.au.biz.signup.upgrade.cesarmachadomoreira.com,com,
PayPal,Kaspi (payments/bank),paypal.com.au.ml60293955.circomedellin.com,com,
PayPal,Kaspi (payments/bank),paypal.com.au.update.secure.create.link.access.custmn.ywcllp.uk,uk,
PayPal,Kaspi (payments/bank),paypal.com.ceug-derecho.edu.mx,mx,
PayPal,Kaspi (payments/bank),paypal.com.cgi-bin.login.submited.elkklkdgh54m54k565vdflgqdfaziou456789.begiu.com,com,
PayPal,Kaspi (payments/bank),paypal.com.chamigroup.com.au,au,
PayPal,Kaspi (payments/bank),paypal.com.codehubgh.com,com,
PayPal,Kaspi (payments/bank),paypal.com.confirmation-recovery.account.update-login.client-cmdlogin.frrrg345345dfgdfg.recovery-dfg5g3rgd4gh355fg53.massecurityassociates.com,com,
PayPal,Kaspi (payments/bank),paypal.com.cyrr999.top,top,
PayPal,Kaspi (payments/bank),paypal.com.demirdokum-teknikservis.net,net,
PayPal,Kaspi (payments/bank),paypal.com.fr.psd2.update.petpaintingsonline.com,com,
PayPal,Kaspi (payments/bank),paypal.com.home.paypalonline.online.ihsanaktas.av.tr,tr,
PayPal,Kaspi (payments/bank),paypal.com.hrmy.mtbank.shnpoc.net,net,
PayPal,Kaspi (payments/bank),paypal.com.igr2.ru,ru,
PayPal,Kaspi (payments/bank),paypal.com.jopanne.org,org,
PayPal,Kaspi (payments/bank),paypal.com.kiambou.xyz,xyz,
PayPal,Kaspi (payments/bank),paypal.com.kralania.club,club,
PayPal,Kaspi (payments/bank),paypal.com.limited.activations.infogood.eu,eu,
PayPal,Kaspi (payments/bank),paypal.com.locked.amaaonaws.com,com,
PayPal,Kaspi (payments/bank),paypal.com.milkdrag.club,club,
PayPal,Kaspi (payments/bank),paypal.com.myaccount.webapps-dispatch.question-confirm.security-paypal.travelcoconut.net,net,
PayPal,Kaspi (payments/bank),paypal.com.myhr.app.aruntest.shnpoc.net,net,
PayPal,Kaspi (payments/bank),paypal.com.paypal.com.saayantan.shnpoc.net,net,
PayPal,Kaspi (payments/bank),paypal.com.pp2uk.top,top,
PayPal,Kaspi (payments/bank),paypal.com.pp4b.me,me,
PayPal,Kaspi (payments/bank),paypal.com.pq1.co,co,
PayPal,Kaspi (payments/bank),paypal.com.proposal.quest,quest,
PayPal,Kaspi (payments/bank),paypal.com.resolutions-center.xyz,xyz,
PayPal,Kaspi (payments/bank),paypal.com.restorelogin.info,info,
PayPal,Kaspi (payments/bank),paypal.com.safetyactivity.club,club,
PayPal,Kaspi (payments/bank),paypal.com.secure-api.ml,ml,
PayPal,Kaspi (payments/bank),paypal.com.security.amaaonaws.com,com,
PayPal,Kaspi (payments/bank),paypal.com.sg-log.in,in,
PayPal,Kaspi (payments/bank),paypal.com.t1w0.cc,cc,
PayPal,Kaspi (payments/bank),paypal.com.ucenter.direct,direct,
PayPal,Kaspi (payments/bank),paypal.com.uk.help.web.lifttruck.com.tw,tw,
PayPal,Kaspi (payments/bank),paypal.com.update-information-accounts.cloudns.asia,asia,
PayPal,Kaspi (payments/bank),paypal.com.user-login.secure-id.ref939a.com,com,
PayPal,Kaspi (payments/bank),paypal.com.verfied-your-account.id46d2d884h6498j49841.onefabshop.net,net,
PayPal,Kaspi (payments/bank),paypal.com.verification.data.secure.lvm3.com,com,
PayPal,Kaspi (payments/bank),paypal.com.webapps.account-services.secure-server124.accoount-verification.com,com,
PayPal,Kaspi (payments/bank),paypal.com.webapps.accountservice.remove-accoount-limit.accoount-verification.com,com,
PayPal,Kaspi (payments/bank),paypal.com.webbdev.xyz,xyz,
PayPal,Kaspi (payments/bank),paypal.confirm-my-account.com,com,
PayPal,Kaspi (payments/bank),paypal.dalmatas.cl,cl,
PayPal,Kaspi (payments/bank),paypal.daplugofficial.com,com,
PayPal,Kaspi (payments/bank),paypal.dataprotect-online-user.com,com,
PayPal,Kaspi (payments/bank),paypal.de-516941252de85511d7a-update.security.trackid.piwikb9c1867dd7ba9c57.2868c89830203dc33aef2e155735b264.cheryl-tay.com,com,
PayPal,Kaspi (payments/bank),paypal.de-516941252de85511d7a-update.security.trackid.piwikb9c1867dd7ba9c57.ea5a443c9e24508b1635e06b8cdc4d7c.cheryl-tay.com,com,
PayPal,Kaspi (payments/bank),paypal.de-aktualisierung.de,de,
PayPal,Kaspi (payments/bank),paypal.de-center.buzz,buzz,
PayPal,Kaspi (payments/bank),paypal.de-signin.pp-deutschland-sicherheit.com,com,
PayPal,Kaspi (payments/bank),paypal.de.daten.sicherheit-benutzer.top,top,
PayPal,Kaspi (payments/bank),paypal.de.datenschutz.sicherheit-benutzer.top,top,
PayPal,Kaspi (payments/bank),paypal.de.hoosit.de,de,
PayPal,Kaspi (payments/bank),paypal.de.konto.sicherheit-benutzer.top,top,
PayPal,Kaspi (payments/bank),paypal.dev.login-provider.de,de,
PayPal,Kaspi (payments/bank),paypal.dipromu.com,com,
PayPal,Kaspi (payments/bank),paypal.dunde-xarge.com,com,
PayPal,Kaspi (payments/bank),paypal.ediblelondon.net,net,
PayPal,Kaspi (payments/bank),paypal.en-gb.info,info,
PayPal,Kaspi (payments/bank),paypal.eplayingfield.com,com,
PayPal,Kaspi (payments/bank),paypal.error-with-payment.com,com,
PayPal,Kaspi (payments/bank),paypal.experttradeprofit.com,com,
PayPal,Kaspi (payments/bank),paypal.fexmonconsultancy.com,com,
PayPal,Kaspi (payments/bank),paypal.finprac.in,in,
PayPal,Kaspi (payments/bank),paypal.fr.fr.cgi-bin.webcr.secure-web.salut123.rupai.net,net,
PayPal,Kaspi (payments/bank),paypal.fr.service.web-security.login.submit.flannelmouth.com,com,
PayPal,Kaspi (payments/bank),paypal.freelance.rapidsuite.ng,ng,
PayPal,Kaspi (payments/bank),paypal.gb-alerts.info,info,
PayPal,Kaspi (payments/bank),paypal.gbhelp-secure.com,com,
PayPal,Kaspi (payments/bank),paypal.gbsecure-form.com,com,
PayPal,Kaspi (payments/bank),paypal.github.io,io,github.io
PayPal,Kaspi (payments/bank),paypal.gtpl.pro,pro,
PayPal,Kaspi (payments/bank),paypal.h7k1.top,top,
PayPal,Kaspi (payments/bank),paypal.harryrobinson.xyz,xyz,
PayPal,Kaspi (payments/bank),paypal.help-limited.com,com,
PayPal,Kaspi (payments/bank),paypal.help-security-centre.com,com,
PayPal,Kaspi (payments/bank),paypal.help.secure07c-accountportal-covid19.ooguy.com,com,
PayPal,Kaspi (payments/bank),paypal.helponlineuk.com,com,
PayPal,Kaspi (payments/bank),paypal.icedent.hu,hu,
PayPal,Kaspi (payments/bank),paypal.id.secure-sign-in.gq,gq,
PayPal,Kaspi (payments/bank),paypal.id.secure2-log-in.tk,tk,
PayPal,Kaspi (payments/bank),paypal.id.signin-customer-center-customer-locale-x-en.cf,cf,
PayPal,Kaspi (payments/bank),paypal.idkit.co,co,
PayPal,Kaspi (payments/bank),paypal.imited-support.com,com,
PayPal,Kaspi (payments/bank),paypal.infinitydeals.ml,ml,
PayPal,Kaspi (payments/bank),paypal.info-wallet.com,com,
PayPal,Kaspi (payments/bank),paypal.initiate-verify.com,com,
PayPal,Kaspi (payments/bank),paypal.instylethreade.com,com,
PayPal,Kaspi (payments/bank),paypal.interbyss.net,net,
PayPal,Kaspi (payments/bank),paypal.issue-security.co.uk,uk,
PayPal,Kaspi (payments/bank),paypal.kenkenuae.com,com,
PayPal,Kaspi (payments/bank),paypal.letima.de,de,
PayPal,Kaspi (payments/bank),paypal.limit-form.com,com,
PayPal,Kaspi (payments/bank),paypal.limitatonsuk.xyz,xyz,
PayPal,Kaspi (payments/bank),paypal.login-2312.com,com,
PayPal,Kaspi (payments/bank),paypal.login-5349294323532.lmartd.com,com,
PayPal,Kaspi (payments/bank),paypal.login-9302.com,com,
PayPal,Kaspi (payments/bank),paypal.login-case.com,com,
PayPal,Kaspi (payments/bank),paypal.login-ref074.com,com,
PayPal,Kaspi (payments/bank),paypal.login-ref079.com,com,
PayPal,Kaspi (payments/bank),paypal.login-ref092.com,com,
PayPal,Kaspi (payments/bank),paypal.login-ref093.com,com,
PayPal,Kaspi (payments/bank),paypal.login-ref462.com,com,
PayPal,Kaspi (payments/bank),paypal.login-ref860.com,com,
PayPal,Kaspi (payments/bank),paypal.login-ref892.com,com,
PayPal,Kaspi (payments/bank),paypal.login-ref985.com,com,
PayPal,Kaspi (payments/bank),paypal.login-sevice.eu,eu,
PayPal,Kaspi (payments/bank),paypal.login-user-294.com,com,
PayPal,Kaspi (payments/bank),paypal.login-user-839.com,com,
PayPal,Kaspi (payments/bank),paypal.login-user-ref654.com,com,
PayPal,Kaspi (payments/bank),paypal.login-user8390.com,com,
PayPal,Kaspi (payments/bank),paypal.login.au.securednetworksconnected.com,com,
PayPal,Kaspi (payments/bank),paypal.luico.co.tz,tz,
PayPal,Kaspi (payments/bank),paypal.maildenzpro.com,com,
PayPal,Kaspi (payments/bank),paypal.mattiasvaucher.com,com,
PayPal,Kaspi (payments/bank),paypal.me.laurenceboujut.com,com,
PayPal,Kaspi (payments/bank),paypal.me.laurentcourco.com,com,
PayPal,Kaspi (payments/bank),paypal.me.philmooreowens.com,com,
PayPal,Kaspi (payments/bank),paypal.me.service-support.digital,digital,
PayPal,Kaspi (payments/bank),paypal.moesystems.info,info,
PayPal,Kaspi (payments/bank),paypal.monpaiementsecure.com,com,
PayPal,Kaspi (payments/bank),paypal.mutilated.icu,icu,
PayPal,Kaspi (payments/bank),paypal.my-secured-account.com,com,
PayPal,Kaspi (payments/bank),paypal.mybill-updates.com,com,
PayPal,Kaspi (payments/bank),paypal.neonshop.xyz,xyz,
PayPal,Kaspi (payments/bank),paypal.nerdpilotshosting.com,com,
PayPal,Kaspi (payments/bank),paypal.net-drive.xyz,xyz,
PayPal,Kaspi (payments/bank),paypal.new-three-verify.com,com,
PayPal,Kaspi (payments/bank),paypal.next-gen.top,top,
PayPal,Kaspi (payments/bank),paypal.nifaso.me,me,
PayPal,Kaspi (payments/bank),paypal.nikni.ma,ma,
PayPal,Kaspi (payments/bank),paypal.notificetion.tk,tk,
PayPal,Kaspi (payments/bank),paypal.nuqu.su,su,
PayPal,Kaspi (payments/bank),paypal.online-center-uk-help.com,com,
PayPal,Kaspi (payments/bank),paypal.online-check-security.com,com,
PayPal,Kaspi (payments/bank),paypal.online-profile-update.com,com,
PayPal,Kaspi (payments/bank),paypal.optima.org,org,
PayPal,Kaspi (payments/bank),paypal.orturls.com,com,
PayPal,Kaspi (payments/bank),paypal.oxipvp.net,net,
PayPal,Kaspi (payments/bank),paypal.p9p1.co,co,
PayPal,Kaspi (payments/bank),paypal.passwordreset.xyz,xyz,
PayPal,Kaspi (payments/bank),paypal.paypai1.top,top,
PayPal,Kaspi (payments/bank),paypal.peacefulplushes.com,com,
PayPal,Kaspi (payments/bank),paypal.pending-review.com,com,
PayPal,Kaspi (payments/bank),paypal.personal-user-protectdata.com,com,
PayPal,Kaspi (payments/bank),paypal.personal-usershield.com,com,
PayPal,Kaspi (payments/bank),paypal.pick5ive.com,com,
PayPal,Kaspi (payments/bank),paypal.ping0n.vip,vip,
PayPal,Kaspi (payments/bank),paypal.polanwisze.com,com,
PayPal,Kaspi (payments/bank),paypal.pp2k.top,top,
PayPal,Kaspi (payments/bank),paypal.prevent-suspension.com,com,
PayPal,Kaspi (payments/bank),paypal.profile-datashield.com,com,
PayPal,Kaspi (payments/bank),paypal.protect-info-personal.com,com,
PayPal,Kaspi (payments/bank),paypal.protection-centre.com,com,
PayPal,Kaspi (payments/bank),paypal.puttakonda-lakshminarasimhaswamy.com,com,
PayPal,Kaspi (payments/bank),paypal.q1l.cc,cc,
PayPal,Kaspi (payments/bank),paypal.rectify-login-panel.com,com,
PayPal,Kaspi (payments/bank),paypal.rectify-users-panel.com,com,
PayPal,Kaspi (payments/bank),paypal.refund-ordre.com,com,
PayPal,Kaspi (payments/bank),paypal.rero.club,club,
PayPal,Kaspi (payments/bank),paypal.resolution-portal.org,org,
PayPal,Kaspi (payments/bank),paypal.resolve-my-account.com,com,
PayPal,Kaspi (payments/bank),paypal.resolve-secureform.com,com,
PayPal,Kaspi (payments/bank),paypal.restore-user-gb.com,com,
PayPal,Kaspi (payments/bank),paypal.restricted-login-user.com,com,
PayPal,Kaspi (payments/bank),paypal.roseenterprisestechnology.com,com,
PayPal,Kaspi (payments/bank),paypal.rtplserver.com,com,
PayPal,Kaspi (payments/bank),paypal.safeguard-data.com,com,
PayPal,Kaspi (payments/bank),paypal.samout.com,com,
PayPal,Kaspi (payments/bank),paypal.secure-limited-user.com,com,
PayPal,Kaspi (payments/bank),paypal.secure-login-user.com,com,
PayPal,Kaspi (payments/bank),paypal.secure-user-services.com,com,
PayPal,Kaspi (payments/bank),paypal.secure-verimail-usersecure.com,com,
PayPal,Kaspi (payments/bank),paypal.securelink-billing.com,com,
PayPal,Kaspi (payments/bank),paypal.security-0730.com,com,
PayPal,Kaspi (payments/bank),paypal.security-and-safety-action-115204.com,com,
PayPal,Kaspi (payments/bank),paypal.security-issue.co.uk,uk,
PayPal,Kaspi (payments/bank),paypal.security-login-0612.com,com,
PayPal,Kaspi (payments/bank),paypal.security-ref019.com,com,
PayPal,Kaspi (payments/bank),paypal.security-ref09.com,com,
PayPal,Kaspi (payments/bank),paypal.security-ref107.com,com,
PayPal,Kaspi (payments/bank),paypal.securityform-limited.com,com,
PayPal,Kaspi (payments/bank),paypal.service-usersresponse.gaze-eyewear.com,com,
PayPal,Kaspi (payments/bank),paypal.sewatanaman.com,com,
PayPal,Kaspi (payments/bank),paypal.sgil.fr,fr,
PayPal,Kaspi (payments/bank),paypal.smarthelp-115.com,com,
PayPal,Kaspi (payments/bank),paypal.sslph.com,com,
PayPal,Kaspi (payments/bank),paypal.support-ref81.com,com,
PayPal,Kaspi (payments/bank),paypal.suspended-login-user.com,com,
PayPal,Kaspi (payments/bank),paypal.thatjohns.eu,eu,
PayPal,Kaspi (payments/bank),paypal.theschoolsoftware.in,in,
PayPal,Kaspi (payments/bank),paypal.tijnlazet.nl,nl,
PayPal,Kaspi (payments/bank),paypal.todrock.com,com,
PayPal,Kaspi (payments/bank),paypal.tokenets.com,com,
PayPal,Kaspi (payments/bank),paypal.transfert-a.fr.serenitycharter.com.br,br,
PayPal,Kaspi (payments/bank),paypal.travelisawesome.com,com,
PayPal,Kaspi (payments/bank),paypal.trustedentity.com,com,
PayPal,Kaspi (payments/bank),paypal.ueberpruefung-datenschutz.icu,icu,
PayPal,Kaspi (payments/bank),paypal.ufcontent.com,com,
PayPal,Kaspi (payments/bank),paypal.ugcs24.com,com,
PayPal,Kaspi (payments/bank),paypal.uk-activation.com,com,
PayPal,Kaspi (payments/bank),paypal.uk-helpcentre.com,com,
PayPal,Kaspi (payments/bank),paypal.uk-myaccount.com,com,
PayPal,Kaspi (payments/bank),paypal.uk-ref111287.com,com,
PayPal,Kaspi (payments/bank),paypal.uk-securecentre.com,com,
PayPal,Kaspi (payments/bank),paypal.uk-userlogin.com,com,
PayPal,Kaspi (payments/bank),paypal.ukcenterhelp-online.com,com,
PayPal,Kaspi (payments/bank),paypal.ukcheckaccount.com,com,
PayPal,Kaspi (payments/bank),paypal.ukhelp-center-online.com,com,
PayPal,Kaspi (payments/bank),paypal.ukonlinehelp.com,com,
PayPal,Kaspi (payments/bank),paypal.update.com.cgi.webscr.login-submit.85496794792362563526925635269152691256544515215151515252562567.cgi-id.login.update.info.casamanolohondarribia.com,com,
PayPal,Kaspi (payments/bank),paypal.update07.com,com,
PayPal,Kaspi (payments/bank),paypal.updatedb1lling.com,com,
PayPal,Kaspi (payments/bank),paypal.us-department.com,com,
PayPal,Kaspi (payments/bank),paypal.user-login-327.com,com,
PayPal,Kaspi (payments/bank),paypal.user-login-panel.com,com,
PayPal,Kaspi (payments/bank),paypal.user-veri-ssl.icu,icu,
PayPal,Kaspi (payments/bank),paypal.verfications.co,co,
PayPal,Kaspi (payments/bank),paypal.verfiy-my-account.com,com,
PayPal,Kaspi (payments/bank),paypal.verification-point.com,com,
PayPal,Kaspi (payments/bank),paypal.verifiedaccountcheck.icu,icu,
PayPal,Kaspi (payments/bank),paypal.verify.uid-4.com,com,
PayPal,Kaspi (payments/bank),paypal.verifylog.xyz,xyz,
PayPal,Kaspi (payments/bank),paypal.verifyonlineappeals.gentrymanagement.com,com,
PayPal,Kaspi (payments/bank),paypal.verifyyourdetails.com,com,
PayPal,Kaspi (payments/bank),paypal.vivamaisfelizhoje.fun,fun,
PayPal,Kaspi (payments/bank),paypal.yuursayur.id,id,
PayPal,Kaspi (payments/bank),paypal0.uber.space,space,
PayPal,Kaspi (payments/bank),paypal2022.serveirc.com,com,
PayPal,Kaspi (payments/bank),paypal24d-secure3d.serveirc.com,com,
PayPal,Kaspi (payments/bank),paypal284.blogspot.com,com,
PayPal,Kaspi (payments/bank),paypal3.ddns.us,us,
PayPal,Kaspi (payments/bank),paypal4421.zendesk.com,com,
PayPal,Kaspi (payments/bank),paypal8.cc,cc,
PayPal,Kaspi (payments/bank),paypal95bd.blogspot.ba,ba,
PayPal,Kaspi (payments/bank),paypal95bd.blogspot.be,be,
PayPal,Kaspi (payments/bank),paypal95bd.blogspot.cl,cl,
PayPal,Kaspi (payments/bank),paypal95bd.blogspot.co.il,il,
PayPal,Kaspi (payments/bank),paypal95bd.blogspot.com,com,
PayPal,Kaspi (payments/bank),paypal95bd.blogspot.com.ar,ar,
PayPal,Kaspi (payments/bank),paypal95bd.blogspot.com.br,br,
PayPal,Kaspi (payments/bank),paypal95bd.blogspot.com.by,by,
PayPal,Kaspi (payments/bank),paypal95bd.blogspot.com.cy,cy,
PayPal,Kaspi (payments/bank),paypal95bd.blogspot.com.eg,eg,
PayPal,Kaspi (payments/bank),paypal95bd.blogspot.com.es,es,
PayPal,Kaspi (payments/bank),paypal95bd.blogspot.com.tr,tr,
PayPal,Kaspi (payments/bank),paypal95bd.blogspot.com.uy,uy,
PayPal,Kaspi (payments/bank),paypal95bd.blogspot.it,it,
PayPal,Kaspi (payments/bank),paypal95bd.blogspot.md,md,
PayPal,Kaspi (payments/bank),paypal95bd.blogspot.mx,mx,
PayPal,Kaspi (payments/bank),paypal95bd.blogspot.no,no,
PayPal,Kaspi (payments/bank),paypal95bd.blogspot.pe,pe,
PayPal,Kaspi (payments/bank),paypal95bd.blogspot.sn,sn,
PayPal,Kaspi (payments/bank),paypal95bd.blogspot.tw,tw,
PayPal,Kaspi (payments/bank),paypala-secure03r.gotdns.ch,ch,
PayPal,Kaspi (payments/bank),paypalaccesresurtyl.serveirc.com,com,
PayPal,Kaspi (payments/bank),paypalaccountlocked.ga,ga,
PayPal,Kaspi (payments/bank),paypalaccountnotificationsystem.adkenmuhendislik.com,com,
PayPal,Kaspi (payments/bank),paypalaccountsloginn.myddns.com,com,
PayPal,Kaspi (payments/bank),paypalaccounttologinaccountsummarmay.com,com,
PayPal,Kaspi (payments/bank),paypalapalegonine.serveirc.com,com,
PayPal,Kaspi (payments/bank),paypalbettingsites.com,com,
PayPal,Kaspi (payments/bank),paypalbit.tk,tk,
PayPal,Kaspi (payments/bank),paypalc1.achat-virement-encours.fr,fr,
PayPal,Kaspi (payments/bank),paypalcasinosuomi.com,com,
PayPal,Kaspi (payments/bank),paypalcc.hormuzbay.com,com,
PayPal,Kaspi (payments/bank),paypalcent.ml,ml,
PayPal,Kaspi (payments/bank),paypalchongzhi88.com,com,
PayPal,Kaspi (payments/bank),paypalcn.pythonanywhere.com,com,
PayPal,Kaspi (payments/bank),paypalco.org,org,
PayPal,Kaspi (payments/bank),paypalcom.nifaso.me,me,
PayPal,Kaspi (payments/bank),paypalconfirm.pythonanywhere.com,com,
PayPal,Kaspi (payments/bank),paypalconfirmation.emilysmaternity.com,com,
PayPal,Kaspi (payments/bank),paypaldesign.com,com,
PayPal,Kaspi (payments/bank),paypale.rrofficesupplies.com,com,
PayPal,Kaspi (payments/bank),paypalespaniaticketnum7442.info,info,
PayPal,Kaspi (payments/bank),paypalespaniaticketnum7443.info,info,
PayPal,Kaspi (payments/bank),paypalgb.azurewebsites.net,net,
PayPal,Kaspi (payments/bank),paypalglobalworld.gq,gq,
PayPal,Kaspi (payments/bank),paypalhelp.ddns.net,net,
PayPal,Kaspi (payments/bank),paypalhelpsupport.com,com,
PayPal,Kaspi (payments/bank),paypalhomesecurity30e499430293w.pages.dev,dev,pages.dev
PayPal,Kaspi (payments/bank),paypaliddispute.cf,cf,
PayPal,Kaspi (payments/bank),paypalil.ga,ga,
PayPal,Kaspi (payments/bank),paypalinfo.d-night.nl,nl,
PayPal,Kaspi (payments/bank),paypalintl.blogspot.com,com,
PayPal,Kaspi (payments/bank),paypalinvoice.chrissuniquedoxieland.com,com,
PayPal,Kaspi (payments/bank),paypaljamesrobert.blogspot.ca,ca,
PayPal,Kaspi (payments/bank),paypaljamesrobert.blogspot.mx,mx,
PayPal,Kaspi (payments/bank),paypalkasinot.fi,fi,
PayPal,Kaspi (payments/bank),paypalkeyverify.userequestsystem.com,com,
PayPal,Kaspi (payments/bank),paypalkundenservice-wixsite-com.filesusr.com,com,
PayPal,Kaspi (payments/bank),paypall-securlty.com,com,
PayPal,Kaspi (payments/bank),paypall.elitebankgroup.com,com,
PayPal,Kaspi (payments/bank),paypall.lpk-purnayudhaprakasa.org,org,
PayPal,Kaspi (payments/bank),paypallab.com,com,
PayPal,Kaspi (payments/bank),paypallcustomer.mixh.jp,jp,
PayPal,Kaspi (payments/bank),paypallesupportintl.mixh.jp,jp,
PayPal,Kaspi (payments/bank),paypallfraudtransaction.org,org,
PayPal,Kaspi (payments/bank),paypalllimited.serveirc.com,com,
PayPal,Kaspi (payments/bank),paypallllf.ddns.net,net,
PayPal,Kaspi (payments/bank),paypallllogiin-myaccounnt.gitbook.io,io,
PayPal,Kaspi (payments/bank),paypallo.com,com,
PayPal,Kaspi (payments/bank),paypalloginen.webcindario.com,com,
PayPal,Kaspi (payments/bank),paypalloginin-usa.blogspot.al,al,
PayPal,Kaspi (payments/bank),paypalloginin-usa.blogspot.be,be,
PayPal,Kaspi (payments/bank),paypalloginin-usa.blogspot.cl,cl,
PayPal,Kaspi (payments/bank),paypalloginin-usa.blogspot.co.at,at,
PayPal,Kaspi (payments/bank),paypalloginin-usa.blogspot.co.id,id,
PayPal,Kaspi (payments/bank),paypalloginin-usa.blogspot.co.il,il,
PayPal,Kaspi (payments/bank),paypalloginin-usa.blogspot.co.nz,nz,
PayPal,Kaspi (payments/bank),paypalloginin-usa.blogspot.com,com,
PayPal,Kaspi (payments/bank),paypalloginin-usa.blogspot.com.ar,ar,
PayPal,Kaspi (payments/bank),paypalloginin-usa.blogspot.com.br,br,
PayPal,Kaspi (payments/bank),paypalloginin-usa.blogspot.com.by,by,
PayPal,Kaspi (payments/bank),paypalloginin-usa.blogspot.com.co,co,
PayPal,Kaspi (payments/bank),paypalloginin-usa.blogspot.com.cy,cy,
PayPal,Kaspi (payments/bank),paypalloginin-usa.blogspot.com.ee,ee,
PayPal,Kaspi (payments/bank),paypalloginin-usa.blogspot.com.eg,eg,
PayPal,Kaspi (payments/bank),paypalloginin-usa.blogspot.com.es,es,
PayPal,Kaspi (payments/bank),paypalloginin-usa.blogspot.com.mt,mt,
PayPal,Kaspi (payments/bank),paypalloginin-usa.blogspot.com.ng,ng,
PayPal,Kaspi (payments/bank),paypalloginin-usa.blogspot.com.tr,tr,
PayPal,Kaspi (payments/bank),paypalloginin-usa.blogspot.com.uy,uy,
PayPal,Kaspi (payments/bank),paypalloginin-usa.blogspot.de,de,
PayPal,Kaspi (payments/bank),paypalloginin-usa.blogspot.dk,dk,
PayPal,Kaspi (payments/bank),paypalloginin-usa.blogspot.fr,fr,
PayPal,Kaspi (payments/bank),paypalloginin-usa.blogspot.gr,gr,
PayPal,Kaspi (payments/bank),paypalloginin-usa.blogspot.hr,hr,
PayPal,Kaspi (payments/bank),paypalloginin-usa.blogspot.hu,hu,
PayPal,Kaspi (payments/bank),paypalloginin-usa.blogspot.ie,ie,
PayPal,Kaspi (payments/bank),paypalloginin-usa.blogspot.in,in,
PayPal,Kaspi (payments/bank),paypalloginin-usa.blogspot.is,is,
PayPal,Kaspi (payments/bank),paypalloginin-usa.blogspot.it,it,
PayPal,Kaspi (payments/bank),paypalloginin-usa.blogspot.jp,jp,
PayPal,Kaspi (payments/bank),paypalloginin-usa.blogspot.li,li,
PayPal,Kaspi (payments/bank),paypalloginin-usa.blogspot.lu,lu,
PayPal,Kaspi (payments/bank),paypalloginin-usa.blogspot.mk,mk,
PayPal,Kaspi (payments/bank),paypalloginin-usa.blogspot.my,my,
PayPal,Kaspi (payments/bank),paypalloginin-usa.blogspot.nl,nl,
PayPal,Kaspi (payments/bank),paypalloginin-usa.blogspot.no,no,
PayPal,Kaspi (payments/bank),paypalloginin-usa.blogspot.pe,pe,
PayPal,Kaspi (payments/bank),paypalloginin-usa.blogspot.ro,ro,
PayPal,Kaspi (payments/bank),paypalloginin-usa.blogspot.rs,rs,
PayPal,Kaspi (payments/bank),paypalloginin-usa.blogspot.ru,ru,
PayPal,Kaspi (payments/bank),paypalloginin-usa.blogspot.se,se,
PayPal,Kaspi (payments/bank),paypalloginin-usa.blogspot.sg,sg,
PayPal,Kaspi (payments/bank),paypalloginin-usa.blogspot.sk,sk,
PayPal,Kaspi (payments/bank),paypalloginin-usa.blogspot.sn,sn,
PayPal,Kaspi (payments/bank),paypalloginin-usa.blogspot.tw,tw,
PayPal,Kaspi (payments/bank),paypalloginin-usa.blogspot.ug,ug,
PayPal,Kaspi (payments/bank),paypalloginly.serveirc.com,com,
PayPal,Kaspi (payments/bank),paypalls-logins.webhop.me,me,
PayPal,Kaspi (payments/bank),paypalmailservice.nifaso.me,me,
PayPal,Kaspi (payments/bank),paypalmanage-ticketid-1032.com,com,
PayPal,Kaspi (payments/bank),paypalmanagerus.us,us,
PayPal,Kaspi (payments/bank),paypalme.redirectme.net,net,
PayPal,Kaspi (payments/bank),paypalnfts.xyz,xyz,
PayPal,Kaspi (payments/bank),paypalonline.gq,gq,
PayPal,Kaspi (payments/bank),paypalonlineservicesupport.com,com,
PayPal,Kaspi (payments/bank),paypalonlinesupport.serveirc.com,com,
PayPal,Kaspi (payments/bank),paypalonlineupdate.l0ginosihdig737839e9ueihbjbu.giftprint.pt,pt,
PayPal,Kaspi (payments/bank),paypalonlineverificationpage.babycarehospital.com,com,
PayPal,Kaspi (payments/bank),paypalonlineweb.ddns.net,net,
PayPal,Kaspi (payments/bank),paypalpasswordreset.repl.co,co,repl.co
PayPal,Kaspi (payments/bank),paypalpay21verific.com,com,
PayPal,Kaspi (payments/bank),paypalpaymentaccept.blogspot.fr,fr,
PayPal,Kaspi (payments/bank),paypalpaymentaccept.blogspot.hu,hu,
PayPal,Kaspi (payments/bank),paypalpaymentaccept.blogspot.jp,jp,
PayPal,Kaspi (payments/bank),paypalpaymentaccept.blogspot.si,si,
PayPal,Kaspi (payments/bank),paypalphish.vercel.app,app,vercel.app
PayPal,Kaspi (payments/bank),paypalpl.ddns.net,net,
PayPal,Kaspi (payments/bank),paypalreceive.com,com,
PayPal,Kaspi (payments/bank),paypalrefarbalan.blogspot.com,com,
PayPal,Kaspi (payments/bank),paypalrewards.ml,ml,
PayPal,Kaspi (payments/bank),paypals-gift-cards-business.gitlab.io,io,
PayPal,Kaspi (payments/bank),paypals.cf,cf,
PayPal,Kaspi (payments/bank),paypals.javearentals.com,com,
PayPal,Kaspi (payments/bank),paypals.qhigh.com,com,
PayPal,Kaspi (payments/bank),paypalscfs.com,com,
PayPal,Kaspi (payments/bank),paypalsdconta.tk,tk,
PayPal,Kaspi (payments/bank),paypalsecur5e.hopto.org,org,
PayPal,Kaspi (payments/bank),paypalsecure.gleeze.com,com,
PayPal,Kaspi (payments/bank),paypalsecure2.ddns.net,net,
PayPal,Kaspi (payments/bank),paypalsecure24.serveftp.com,com,
PayPal,Kaspi (payments/bank),paypalsecure7c.serveirc.com,com,
PayPal,Kaspi (payments/bank),paypalsecureresetloginpage.elifelfmarley.com,com,
PayPal,Kaspi (payments/bank),paypalsecureupdateinformation.com,com,
PayPal,Kaspi (payments/bank),paypalsecurityinfo.com,com,
PayPal,Kaspi (payments/bank),paypalsecuritys.com,com,
PayPal,Kaspi (payments/bank),paypalsecurportal.serveirc.com,com,
PayPal,Kaspi (payments/bank),paypalsecurtyservices.com,com,
PayPal,Kaspi (payments/bank),paypalser5.temp.swtest.ru,ru,
PayPal,Kaspi (payments/bank),paypalser9.temp.swtest.ru,ru,
PayPal,Kaspi (payments/bank),paypalservice11.blogspot.com,com,
PayPal,Kaspi (payments/bank),paypalserviceforyou.blogspot.com,com,
PayPal,Kaspi (payments/bank),paypalservicegifts.com,com,
PayPal,Kaspi (payments/bank),paypalsg.com,com,
PayPal,Kaspi (payments/bank),paypalsignin.illuminatonline.com,com,
PayPal,Kaspi (payments/bank),paypalsignin54.blogspot.bg,bg,
PayPal,Kaspi (payments/bank),paypalsignin54.blogspot.ca,ca,
PayPal,Kaspi (payments/bank),paypalsignin54.blogspot.co.id,id,
PayPal,Kaspi (payments/bank),paypalsignin54.blogspot.com,com,
PayPal,Kaspi (payments/bank),paypalsignin54.blogspot.com.cy,cy,
PayPal,Kaspi (payments/bank),paypalsignin54.blogspot.com.ee,ee,
PayPal,Kaspi (payments/bank),paypalsignin54.blogspot.com.eg,eg,
PayPal,Kaspi (payments/bank),paypalsignin54.blogspot.com.tr,tr,
PayPal,Kaspi (payments/bank),paypalsignin54.blogspot.hr,hr,
PayPal,Kaspi (payments/bank),paypalsignin54.blogspot.is,is,
PayPal,Kaspi (payments/bank),paypalsignin54.blogspot.lu,lu,
PayPal,Kaspi (payments/bank),paypalsignin54.blogspot.pt,pt,
PayPal,Kaspi (payments/bank),paypalsignin54.blogspot.si,si,
PayPal,Kaspi (payments/bank),paypalsignin54.blogspot.sk,sk,
PayPal,Kaspi (payments/bank),paypalsignin54.blogspot.ug,ug,
PayPal,Kaspi (payments/bank),paypalstroe.com,com,
PayPal,Kaspi (payments/bank),paypalsup2.temp.swtest.ru,ru,
PayPal,Kaspi (payments/bank),paypalsup3.temp.swtest.ru,ru,
PayPal,Kaspi (payments/bank),paypalsuport08b.org,org,
PayPal,Kaspi (payments/bank),paypalsupp0rt.serveirc.com,com,
PayPal,Kaspi (payments/bank),paypalsupport.fineartscompany.com,com,
PayPal,Kaspi (payments/bank),paypalsupport.mtxserv.fr,fr,
PayPal,Kaspi (payments/bank),paypalsupport2x.com,com,
PayPal,Kaspi (payments/bank),paypalsupport65.duckdns.org,org,
PayPal,Kaspi (payments/bank),paypalsupportverificationsystem.duckdns.org,org,
PayPal,Kaspi (payments/bank),paypaltd34.temp.swtest.ru,ru,
PayPal,Kaspi (payments/bank),paypaltest.bloggors.com,com,
PayPal,Kaspi (payments/bank),paypalticket58331.info,info,
PayPal,Kaspi (payments/bank),paypaluk.verify-limited.com,com,
PayPal,Kaspi (payments/bank),paypalupdate.ahlusunna.ps,ps,
PayPal,Kaspi (payments/bank),paypalupdate.itstudynepal.com,com,
PayPal,Kaspi (payments/bank),paypalupdate.osamaalshareef.net,net,
PayPal,Kaspi (payments/bank),paypalupdateinfo.serveirc.com,com,
PayPal,Kaspi (payments/bank),paypalupdatelogin.losangeleslawyerattorney.com,com,
PayPal,Kaspi (payments/bank),paypalupdateservice.serveirc.com,com,
PayPal,Kaspi (payments/bank),paypalverif.ddns.net,net,
PayPal,Kaspi (payments/bank),paypalverif0xzzx0.ddns.net,net,
PayPal,Kaspi (payments/bank),paypalverification.allgamescheaper.com,com,
PayPal,Kaspi (payments/bank),paypalverification.murakamiflowersnft.com,com,
PayPal,Kaspi (payments/bank),paypalverification.sapphiresales.uk,uk,
PayPal,Kaspi (payments/bank),paypalverificationcode.parkdoor.gq,gq,
PayPal,Kaspi (payments/bank),paypalverifyacct.ddns.net,net,
PayPal,Kaspi (payments/bank),paypalverifyservice.serveirc.com,com,
PayPal,Kaspi (payments/bank),paypalverifyuser.serveirc.com,com,
PayPal,Kaspi (payments/bank),paypalverisign.com,com,
PayPal,Kaspi (payments/bank),paypalweb.net,net,
PayPal,Kaspi (payments/bank),paypalweb3connectapp.pages.dev,dev,pages.dev
PayPal,Kaspi (payments/bank),paypalx.e-monsite.com,com,
PayPal,Kaspi (payments/bank),paypalzkawyv0.blogspot.am,am,
PayPal,Kaspi (payments/bank),paypalzkawyv0.blogspot.bg,bg,
PayPal,Kaspi (payments/bank),paypalzkawyv0.blogspot.co.il,il,
PayPal,Kaspi (payments/bank),paypalzkawyv0.blogspot.com.by,by,
PayPal,Kaspi (payments/bank),paypalzkawyv0.blogspot.com.cy,cy,
PayPal,Kaspi (payments/bank),paypalzkawyv0.blogspot.com.ee,ee,
PayPal,Kaspi (payments/bank),paypalzkawyv0.blogspot.com.eg,eg,
PayPal,Kaspi (payments/bank),paypalzkawyv0.blogspot.com.es,es,
PayPal,Kaspi (payments/bank),paypalzkawyv0.blogspot.com.mt,mt,
PayPal,Kaspi (payments/bank),paypalzkawyv0.blogspot.fi,fi,
PayPal,Kaspi (payments/bank),paypalzkawyv0.blogspot.hr,hr,
PayPal,Kaspi (payments/bank),paypalzkawyv0.blogspot.is,is,
PayPal,Kaspi (payments/bank),paypalzkawyv0.blogspot.li,li,
PayPal,Kaspi (payments/bank),paypalzkawyv0.blogspot.lu,lu,
PayPal,Kaspi (payments/bank),paypalzkawyv0.blogspot.md,md,
PayPal,Kaspi (payments/bank),paypalzkawyv0.blogspot.sn,sn,
PayPal,Kaspi (payments/bank),paypalzkawyv0.blogspot.ug,ug,
PayPal,Kaspi (payments/bank),pc128251.paypal-merchant.ru,ru,
PayPal,Kaspi (payments/bank),portal.paypal-eem.nicecloudsvc.com,com,
PayPal,Kaspi (payments/bank),potentiaserver.paypal-merchant.ru,ru,
PayPal,Kaspi (payments/bank),pphump-hosting.paypal-merchant.ru,ru,
PayPal,Kaspi (payments/bank),ppz.khmjb.xfg.2dspsebim4.pay.paypalcancel.cc,cc,
PayPal,Kaspi (payments/bank),protection.paypal.navigoperu.com,com,
PayPal,Kaspi (payments/bank),recover-paypal.com,com,
PayPal,Kaspi (payments/bank),reset-paypal.org,org,
PayPal,Kaspi (payments/bank),resolutioncenter.paypalint.com.s3-website.eu-central-1.amazonaws.com,com,
PayPal,Kaspi (payments/bank),reviewaccount.paypal-us.ga,ga,
PayPal,Kaspi (payments/bank),rjkwflg.paypal-e.com,com,
PayPal,Kaspi (payments/bank),rlqtaoot2dtwjzcclgmwftt4um--www-paypal-com.translate.goog,goog,
PayPal,Kaspi (payments/bank),service-paypal.link,link,
PayPal,Kaspi (payments/bank),xn--paypalgebhrenrechner-xec.de,de,
PayPal,Kaspi (payments/bank),zahlung-paypal.com,com,
DHL,Kazpost / CDEK (delivery),0305923904039965934023045-dhl.unitedcareerservices.com,com,
DHL,Kazpost / CDEK (delivery),2022express-dhl.com,com,
DHL,Kazpost / CDEK (delivery),accreditation-info-dhl.top,top,
DHL,Kazpost / CDEK (delivery),aepost.dhl.partner.hungamaplay.pk,pk,
DHL,Kazpost / CDEK (delivery),alex-jhs-re-dhl.shonanoea.com,com,
DHL,Kazpost / CDEK (delivery),app.dhl-vip1.com,com,
DHL,Kazpost / CDEK (delivery),app.dhl.international.express.au.gorengo.com,com,
DHL,Kazpost / CDEK (delivery),authpost-dhlservicehome.for-our.info,info,
DHL,Kazpost / CDEK (delivery),beta.dhlafricacup.com,com,
DHL,Kazpost / CDEK (delivery),billowing-flower-c832.dhlonlineaccessloigjnpresident2587.workers.dev,dev,workers.dev
DHL,Kazpost / CDEK (delivery),check.dhl-trackinged.com,com,
DHL,Kazpost / CDEK (delivery),confirm-package-redelivery-dhll.vercel.app,app,vercel.app
DHL,Kazpost / CDEK (delivery),confirmation-paiement-dhl.weebly.com,com,weebly.com
DHL,Kazpost / CDEK (delivery),confirmation.preprod.dhl.purjus.fr,fr,
DHL,Kazpost / CDEK (delivery),confirmez-colis-dhl.weebly.com,com,weebly.com
DHL,Kazpost / CDEK (delivery),de.dhl-no.top,top,
DHL,Kazpost / CDEK (delivery),delivery-dhl-services.toptivi.com,com,
DHL,Kazpost / CDEK (delivery),delivery-dhlexpress-online.payglob.fr,fr,
DHL,Kazpost / CDEK (delivery),delivexpress-dhl718.com,com,
DHL,Kazpost / CDEK (delivery),depa-dhl-dyl.com,com,
DHL,Kazpost / CDEK (delivery),dhl--en.qc.lu,lu,
DHL,Kazpost / CDEK (delivery),dhl-1.com,com,
DHL,Kazpost / CDEK (delivery),dhl-3esspress.weebly.com,com,weebly.com
DHL,Kazpost / CDEK (delivery),dhl-526738.weebly.com,com,weebly.com
DHL,Kazpost / CDEK (delivery),dhl-5hjk.help,help,
DHL,Kazpost / CDEK (delivery),dhl-app.com,com,
DHL,Kazpost / CDEK (delivery),dhl-australia.blogspot.com,com,
DHL,Kazpost / CDEK (delivery),dhl-bd.com,com,
DHL,Kazpost / CDEK (delivery),dhl-ca-express-v3eservicescom458109.codeanyapp.com,com,
DHL,Kazpost / CDEK (delivery),dhl-cl-front.pages.dev,dev,pages.dev
DHL,Kazpost / CDEK (delivery),dhl-com-on-demand-express.pages.dev,dev,pages.dev
DHL,Kazpost / CDEK (delivery),dhl-confirmbilling-dllshipping-service-transit.com.swtest.ru,ru,
DHL,Kazpost / CDEK (delivery),dhl-de-track-ib.info,info,
DHL,Kazpost / CDEK (delivery),dhl-de.id532321.info,info,
DHL,Kazpost / CDEK (delivery),dhl-de.versandinformatlonen.info,info,
DHL,Kazpost / CDEK (delivery),dhl-delivery.gotdns.ch,ch,
DHL,Kazpost / CDEK (delivery),dhl-deutschepost-de.tk,tk,
DHL,Kazpost / CDEK (delivery),dhl-eqmuxokgvntbvdftbfqlahwk.pages.dev,dev,pages.dev
DHL,Kazpost / CDEK (delivery),dhl-europeee.ddns.net,net,
DHL,Kazpost / CDEK (delivery),dhl-event.app,app,
DHL,Kazpost / CDEK (delivery),dhl-experess.000webhostapp.com,com,000webhostapp.com
DHL,Kazpost / CDEK (delivery),dhl-expreeq.gotdns.ch,ch,
DHL,Kazpost / CDEK (delivery),dhl-expreess.hopto.org,org,
DHL,Kazpost / CDEK (delivery),dhl-express-ciahhxrlijkfzmcueylcwurn.pages.dev,dev,pages.dev
DHL,Kazpost / CDEK (delivery),dhl-express-cmzxogawcqlbqcgebzvhtuzk.pages.dev,dev,pages.dev
DHL,Kazpost / CDEK (delivery),dhl-express-colisfr.com,com,
DHL,Kazpost / CDEK (delivery),dhl-express-ejlpgpwdzvsrmdjbkkparlyv.pages.dev,dev,pages.dev
DHL,Kazpost / CDEK (delivery),dhl-express-fqogglwylkhkorxtnvdrnzwb.pages.dev,dev,pages.dev
DHL,Kazpost / CDEK (delivery),dhl-express-fxbntkeefypesbdtbqisjshd.pages.dev,dev,pages.dev
DHL,Kazpost / CDEK (delivery),dhl-express-group.blogspot.ae,ae,
DHL,Kazpost / CDEK (delivery),dhl-express-group.blogspot.ba,ba,
DHL,Kazpost / CDEK (delivery),dhl-express-group.blogspot.ca,ca,
DHL,Kazpost / CDEK (delivery),dhl-express-group.blogspot.com.ar,ar,
DHL,Kazpost / CDEK (delivery),dhl-express-group.blogspot.com.eg,eg,
DHL,Kazpost / CDEK (delivery),dhl-express-group.blogspot.com.mt,mt,
DHL,Kazpost / CDEK (delivery),dhl-express-group.blogspot.com.uy,uy,
DHL,Kazpost / CDEK (delivery),dhl-express-group.blogspot.gr,gr,
DHL,Kazpost / CDEK (delivery),dhl-express-group.blogspot.is,is,
DHL,Kazpost / CDEK (delivery),dhl-express-group.blogspot.it,it,
DHL,Kazpost / CDEK (delivery),dhl-express-group.blogspot.lt,lt,
DHL,Kazpost / CDEK (delivery),dhl-express-group.blogspot.md,md,
DHL,Kazpost / CDEK (delivery),dhl-express-group.blogspot.se,se,
DHL,Kazpost / CDEK (delivery),dhl-express-group.blogspot.sg,sg,
DHL,Kazpost / CDEK (delivery),dhl-express-group.blogspot.sn,sn,
DHL,Kazpost / CDEK (delivery),dhl-express-gsfdayqjmhqlerxbxajzkjyz.pages.dev,dev,pages.dev
DHL,Kazpost / CDEK (delivery),dhl-express-gtmazkrnlcfzmusclaonufem.pages.dev,dev,pages.dev
DHL,Kazpost / CDEK (delivery),dhl-express-haslhmbibpbutzvylbocshnv.pages.dev,dev,pages.dev
DHL,Kazpost / CDEK (delivery),dhl-express-hfmxgobkwmqdbxefarqqying.pages.dev,dev,pages.dev
DHL,Kazpost / CDEK (delivery),dhl-express-idhfwimbqvycvbxdqextfdcn.pages.dev,dev,pages.dev
DHL,Kazpost / CDEK (delivery),dhl-express-ifaxamtqrarippqkfnbsezhn.pages.dev,dev,pages.dev
DHL,Kazpost / CDEK (delivery),dhl-express-international.com,com,
DHL,Kazpost / CDEK (delivery),dhl-express-iqyeyqyvpyyemdeqwfxbnrhg.pages.dev,dev,pages.dev
DHL,Kazpost / CDEK (delivery),dhl-express-lnsnckjiurtmwrapxkwgxowz.pages.dev,dev,pages.dev
DHL,Kazpost / CDEK (delivery),dhl-express-marbvdrvgwlwlmdxooemvqrt.pages.dev,dev,pages.dev
DHL,Kazpost / CDEK (delivery),dhl-express-peepwklwclxupnxmyleiswtp.pages.dev,dev,pages.dev
DHL,Kazpost / CDEK (delivery),dhl-express-peqxqhrpcrnarfirbdwibyth.pages.dev,dev,pages.dev
DHL,Kazpost / CDEK (delivery),dhl-express-pghqrpchcpbqueuensedjxmn.pages.dev,dev,pages.dev
DHL,Kazpost / CDEK (delivery),dhl-express-rheeunuyadarwprhnsgohcud.pages.dev,dev,pages.dev
DHL,Kazpost / CDEK (delivery),dhl-express-service.com,com,
DHL,Kazpost / CDEK (delivery),dhl-express-session.yj.lu,lu,
DHL,Kazpost / CDEK (delivery),dhl-express-tsinhicgqxpuvmdgbvcpdyfl.pages.dev,dev,pages.dev
DHL,Kazpost / CDEK (delivery),dhl-express-ujgnfbploinpdysoczrldoix.pages.dev,dev,pages.dev
DHL,Kazpost / CDEK (delivery),dhl-express-wmborsllidqzeryhdkxqazvd.pages.dev,dev,pages.dev
DHL,Kazpost / CDEK (delivery),dhl-express-xxefghemcvtrwqioieidaxbz.pages.dev,dev,pages.dev
DHL,Kazpost / CDEK (delivery),dhl-express-zihisqrxuqhnkckjrwxqfglo.pages.dev,dev,pages.dev
DHL,Kazpost / CDEK (delivery),dhl-express.allsh.eu,eu,
DHL,Kazpost / CDEK (delivery),dhl-express.ayden-secure.cc,cc,
DHL,Kazpost / CDEK (delivery),dhl-express.biz,biz,
DHL,Kazpost / CDEK (delivery),dhl-express.dynv6.net,net,
DHL,Kazpost / CDEK (delivery),dhl-express.gotdns.ch,ch,
DHL,Kazpost / CDEK (delivery),dhl-express.hopto.org,org,
DHL,Kazpost / CDEK (delivery),dhl-express.support,support,
DHL,Kazpost / CDEK (delivery),dhl-express.transacar.co,co,
DHL,Kazpost / CDEK (delivery),dhl-express76890.weebly.com,com,weebly.com
DHL,Kazpost / CDEK (delivery),dhl-expressdhl-global-forwarding.misecure.com,com,
DHL,Kazpost / CDEK (delivery),dhl-fr.bubbleapps.io,io,
DHL,Kazpost / CDEK (delivery),dhl-hk.com,com,
DHL,Kazpost / CDEK (delivery),dhl-home.top,top,
DHL,Kazpost / CDEK (delivery),dhl-homeredirections.moodyslab.com,com,
DHL,Kazpost / CDEK (delivery),dhl-hu.pay-eu.sbs,sbs,
DHL,Kazpost / CDEK (delivery),dhl-icdhczxdotityxvkdeuhvyaf.pages.dev,dev,pages.dev
DHL,Kazpost / CDEK (delivery),dhl-in.serv00.net,net,
DHL,Kazpost / CDEK (delivery),dhl-indonesia.000webhostapp.com,com,000webhostapp.com
DHL,Kazpost / CDEK (delivery),dhl-international.allsh.eu,eu,
DHL,Kazpost / CDEK (delivery),dhl-international.hopto.org,org,
DHL,Kazpost / CDEK (delivery),dhl-international.peakoutsourcing.host,host,
DHL,Kazpost / CDEK (delivery),dhl-jack-express.pages.dev,dev,pages.dev
DHL,Kazpost / CDEK (delivery),dhl-logintimeout-signin02jsce.netlify.app,app,netlify.app
DHL,Kazpost / CDEK (delivery),dhl-mmmail.com.ng,ng,
DHL,Kazpost / CDEK (delivery),dhl-mu.life,life,
DHL,Kazpost / CDEK (delivery),dhl-mybill.accountis.net,net,
DHL,Kazpost / CDEK (delivery),dhl-negombo.com,com,
DHL,Kazpost / CDEK (delivery),dhl-nl-nl-home.myroly.pl,pl,
DHL,Kazpost / CDEK (delivery),dhl-nl.yysend.shop,shop,
DHL,Kazpost / CDEK (delivery),dhl-notification.ddns.net,net,
DHL,Kazpost / CDEK (delivery),dhl-org.weebly.com,com,weebly.com
DHL,Kazpost / CDEK (delivery),dhl-package-center.x24hr.com,com,
DHL,Kazpost / CDEK (delivery),dhl-package-status-awaiting.ukbreakdownrecovery.com,com,
DHL,Kazpost / CDEK (delivery),dhl-package-up.azurewebsites.net,net,
DHL,Kazpost / CDEK (delivery),dhl-paket-express-international.cfolks.pl,pl,
DHL,Kazpost / CDEK (delivery),dhl-paketshop.com,com,
DHL,Kazpost / CDEK (delivery),dhl-parc.el.numerix360.com,com,
DHL,Kazpost / CDEK (delivery),dhl-parcel-service.com,com,
DHL,Kazpost / CDEK (delivery),dhl-pending.000webhostapp.com,com,000webhostapp.com
DHL,Kazpost / CDEK (delivery),dhl-postainfo.top,top,
DHL,Kazpost / CDEK (delivery),dhl-postal.com,com,
DHL,Kazpost / CDEK (delivery),dhl-postexpedition.fr,fr,
DHL,Kazpost / CDEK (delivery),dhl-qp.cfd,cfd,
DHL,Kazpost / CDEK (delivery),dhl-redelivery-luxembourg.com,com,
DHL,Kazpost / CDEK (delivery),dhl-redelivery.com,com,
DHL,Kazpost / CDEK (delivery),dhl-redelivery.worldwide-packages.com,com,
DHL,Kazpost / CDEK (delivery),dhl-redirect.vercel.app,app,vercel.app
DHL,Kazpost / CDEK (delivery),dhl-rpa-portal.infanion.com,com,
DHL,Kazpost / CDEK (delivery),dhl-ru.com,com,
DHL,Kazpost / CDEK (delivery),dhl-servcs.com,com,
DHL,Kazpost / CDEK (delivery),dhl-service-client.azurewebsites.net,net,
DHL,Kazpost / CDEK (delivery),dhl-service.gotdns.ch,ch,
DHL,Kazpost / CDEK (delivery),dhl-services.akiddy.com,com,
DHL,Kazpost / CDEK (delivery),dhl-services.droppages.com,com,
DHL,Kazpost / CDEK (delivery),dhl-servicesga.maerskline.website,website,
DHL,Kazpost / CDEK (delivery),dhl-servicesml.maerskline.website,website,
DHL,Kazpost / CDEK (delivery),dhl-shipment.webnode.com,com,
DHL,Kazpost / CDEK (delivery),dhl-suisse.gotdns.ch,ch,
DHL,Kazpost / CDEK (delivery),dhl-suisse2.gotdns.ch,ch,
DHL,Kazpost / CDEK (delivery),dhl-track00.duckdns.org,org,
DHL,Kazpost / CDEK (delivery),dhl-tracking-au.blogspot.co.za,za,
DHL,Kazpost / CDEK (delivery),dhl-tracking-au.blogspot.com,com,
DHL,Kazpost / CDEK (delivery),dhl-tracking-au.blogspot.com.ng,ng,
DHL,Kazpost / CDEK (delivery),dhl-tracking-au.blogspot.com.uy,uy,
DHL,Kazpost / CDEK (delivery),dhl-tracking-au.blogspot.sn,sn,
DHL,Kazpost / CDEK (delivery),dhl-tracking-au.blogspot.tw,tw,
DHL,Kazpost / CDEK (delivery),dhl-tracking-delivery.com,com,
DHL,Kazpost / CDEK (delivery),dhl-tracking-germany.forexcreed.com,com,
DHL,Kazpost / CDEK (delivery),dhl-tracking-package.com,com,
DHL,Kazpost / CDEK (delivery),dhl-tracking-packages.de,de,
DHL,Kazpost / CDEK (delivery),dhl-tracking-parcel.51-12-57-253.cprapid.com,com,
DHL,Kazpost / CDEK (delivery),dhl-tracking-service.com,com,
DHL,Kazpost / CDEK (delivery),dhl-trackparcel.com,com,
DHL,Kazpost / CDEK (delivery),dhl-uk.akkik.shop,shop,
DHL,Kazpost / CDEK (delivery),dhl-vietnam.com,com,
DHL,Kazpost / CDEK (delivery),dhl-wheel.com,com,
DHL,Kazpost / CDEK (delivery),dhl-world.ir-io.com,com,
DHL,Kazpost / CDEK (delivery),dhl-zaleglosc.pl,pl,
DHL,Kazpost / CDEK (delivery),dhl.0394.potabox.com,com,
DHL,Kazpost / CDEK (delivery),dhl.1310.migueljosegonzaleznexa.com,com,
DHL,Kazpost / CDEK (delivery),dhl.1310.toasterpets.com,com,
DHL,Kazpost / CDEK (delivery),dhl.52-146-4-48.cprapid.com,com,
DHL,Kazpost / CDEK (delivery),dhl.8hso.repl.co,co,repl.co
DHL,Kazpost / CDEK (delivery),dhl.attempt.failure.oishifoodgreece.com,com,
DHL,Kazpost / CDEK (delivery),dhl.bwhittle.com,com,
DHL,Kazpost / CDEK (delivery),dhl.china.usedteapackingmachines.com,com,
DHL,Kazpost / CDEK (delivery),dhl.com-dco.fit,fit,
DHL,Kazpost / CDEK (delivery),dhl.com-dco.work,work,
DHL,Kazpost / CDEK (delivery),dhl.com-dcr.work,work,
DHL,Kazpost / CDEK (delivery),dhl.com-dcu.work,work,
DHL,Kazpost / CDEK (delivery),dhl.com-dcy.work,work,
DHL,Kazpost / CDEK (delivery),dhl.com-ddv.fit,fit,
DHL,Kazpost / CDEK (delivery),dhl.com-dfb.work,work,
DHL,Kazpost / CDEK (delivery),dhl.com-dfc.fit,fit,
DHL,Kazpost / CDEK (delivery),dhl.com-dfd.work,work,
DHL,Kazpost / CDEK (delivery),dhl.com-dfn.work,work,
DHL,Kazpost / CDEK (delivery),dhl.com-dfz.work,work,
DHL,Kazpost / CDEK (delivery),dhl.com-dtn.work,work,
DHL,Kazpost / CDEK (delivery),dhl.com-dzp.work,work,
DHL,Kazpost / CDEK (delivery),dhl.com-dzt.fit,fit,
DHL,Kazpost / CDEK (delivery),dhl.com-eso.top,top,
DHL,Kazpost / CDEK (delivery),dhl.com-esoo.top,top,
DHL,Kazpost / CDEK (delivery),dhl.com-espp.top,top,
DHL,Kazpost / CDEK (delivery),dhl.com-esxw.top,top,
DHL,Kazpost / CDEK (delivery),dhl.courier.acbizglobal.com,com,
DHL,Kazpost / CDEK (delivery),dhl.d-paketversand.live,live,
DHL,Kazpost / CDEK (delivery),dhl.darvivienda.com,com,
DHL,Kazpost / CDEK (delivery),dhl.de-en.vip,vip,
DHL,Kazpost / CDEK (delivery),dhl.de-globe.cloud.yaazhiyas.in,in,
DHL,Kazpost / CDEK (delivery),dhl.de-rw.vip,vip,
DHL,Kazpost / CDEK (delivery),dhl.de.315kq.vip,vip,
DHL,Kazpost / CDEK (delivery),dhl.de.315kz.vip,vip,
DHL,Kazpost / CDEK (delivery),dhl.de.pbgyl04.me,me,
DHL,Kazpost / CDEK (delivery),dhl.de.synthwave2.icu,icu,
DHL,Kazpost / CDEK (delivery),dhl.de.ur09yk.vip,vip,
DHL,Kazpost / CDEK (delivery),dhl.de.ur69yk.vip,vip,
DHL,Kazpost / CDEK (delivery),dhl.delivry.repl.co,co,repl.co
DHL,Kazpost / CDEK (delivery),dhl.dhl-ge.cfd,cfd,
DHL,Kazpost / CDEK (delivery),dhl.europaka-pl.info,info,
DHL,Kazpost / CDEK (delivery),dhl.export.dns-cloud.net,net,
DHL,Kazpost / CDEK (delivery),dhl.exporter.dns-cloud.net,net,
DHL,Kazpost / CDEK (delivery),dhl.expres.dnsabr.com,com,
DHL,Kazpost / CDEK (delivery),dhl.expresservice.dnsabr.com,com,
DHL,Kazpost / CDEK (delivery),dhl.ge-dhl.top,top,
DHL,Kazpost / CDEK (delivery),dhl.hosted-page.ecomm-stg.dmgsecure.io,io,
DHL,Kazpost / CDEK (delivery),dhl.ijpcr.net.in,in,
DHL,Kazpost / CDEK (delivery),dhl.lbyoe.top,top,
DHL,Kazpost / CDEK (delivery),dhl.lizamagcale.com,com,
DHL,Kazpost / CDEK (delivery),dhl.mpinsureit.com,com,
DHL,Kazpost / CDEK (delivery),dhl.new.delivery.de.50-17-62-50.cprapid.com,com,
DHL,Kazpost / CDEK (delivery),dhl.nl.qas-benelux.edistrada.pl,pl,
DHL,Kazpost / CDEK (delivery),dhl.online-help.skin,skin,
DHL,Kazpost / CDEK (delivery),dhl.online-parcel.help,help,
DHL,Kazpost / CDEK (delivery),dhl.packk.xyz,xyz,
DHL,Kazpost / CDEK (delivery),dhl.parcelcustomer.com,com,
DHL,Kazpost / CDEK (delivery),dhl.q-paketversand.live,live,
DHL,Kazpost / CDEK (delivery),dhl.recruitmentplatform.com,com,
DHL,Kazpost / CDEK (delivery),dhl.reschedule-review.com,com,
DHL,Kazpost / CDEK (delivery),dhl.schedule-new-delivery.com,com,
DHL,Kazpost / CDEK (delivery),dhl.servirtual.cl,cl,
DHL,Kazpost / CDEK (delivery),dhl.shor.tn,tn,
DHL,Kazpost / CDEK (delivery),dhl.signordero.top,top,
DHL,Kazpost / CDEK (delivery),dhl.site11.com,com,
DHL,Kazpost / CDEK (delivery),dhl.slovenia.ngrok.app,app,
DHL,Kazpost / CDEK (delivery),dhl.smolfryz.com,com,
DHL,Kazpost / CDEK (delivery),dhl.track-cargo.com,com,
DHL,Kazpost / CDEK (delivery),dhl.tracking.spectos.com,com,
DHL,Kazpost / CDEK (delivery),dhl.traxpackage.skin,skin,
DHL,Kazpost / CDEK (delivery),dhl.webauthor.com,com,
DHL,Kazpost / CDEK (delivery),dhl.wickho.cyou,cyou,
DHL,Kazpost / CDEK (delivery),dhl037charm.top,top,
DHL,Kazpost / CDEK (delivery),dhl038tempo.top,top,
DHL,Kazpost / CDEK (delivery),dhl0987expressgfhcdjskdiofuhjkcdfiuhgjvdifugh.000webhostapp.com,com,000webhostapp.com
DHL,Kazpost / CDEK (delivery),dhl1.net,net,
DHL,Kazpost / CDEK (delivery),dhl2.help,help,
DHL,Kazpost / CDEK (delivery),dhl200mail.temp.swtest.ru,ru,
DHL,Kazpost / CDEK (delivery),dhl24.com.pl,pl,
DHL,Kazpost / CDEK (delivery),dhl4you.es,es,
DHL,Kazpost / CDEK (delivery),dhl4you.hu,hu,
DHL,Kazpost / CDEK (delivery),dhl4you.lt,lt,
DHL,Kazpost / CDEK (delivery),dhl4you.lv,lv,
DHL,Kazpost / CDEK (delivery),dhl4you.sk,sk,
DHL,Kazpost / CDEK (delivery),dhlaa.gml.bar,bar,
DHL,Kazpost / CDEK (delivery),dhladdress.icu,icu,
DHL,Kazpost / CDEK (delivery),dhlalasaguympa.rightmindrightbody.com.au,au,
DHL,Kazpost / CDEK (delivery),dhlaoi.ginc.me,me,
DHL,Kazpost / CDEK (delivery),dhlapp.top,top,
DHL,Kazpost / CDEK (delivery),dhlasdw.click,click,
DHL,Kazpost / CDEK (delivery),dhlauthentification.com,com,
DHL,Kazpost / CDEK (delivery),dhlawfirm.org,org,
DHL,Kazpost / CDEK (delivery),dhlband.com,com,
DHL,Kazpost / CDEK (delivery),dhlbs.vip,vip,
DHL,Kazpost / CDEK (delivery),dhlbss.vip,vip,
DHL,Kazpost / CDEK (delivery),dhlcustoms.com,com,
DHL,Kazpost / CDEK (delivery),dhlcvgjobs.com,com,
DHL,Kazpost / CDEK (delivery),dhlde.zxb78dg7.vip,vip,
DHL,Kazpost / CDEK (delivery),dhldelivery.cc,cc,
DHL,Kazpost / CDEK (delivery),dhldelivery.duckdns.org,org,
DHL,Kazpost / CDEK (delivery),dhlembalaro.top,top,
DHL,Kazpost / CDEK (delivery),dhleoyssa.com,com,
DHL,Kazpost / CDEK (delivery),dhles-co.cc,cc,
DHL,Kazpost / CDEK (delivery),dhlesgmarketing.com,com,
DHL,Kazpost / CDEK (delivery),dhlexpre37.temp.swtest.ru,ru,
DHL,Kazpost / CDEK (delivery),dhlexprees.de,de,
DHL,Kazpost / CDEK (delivery),dhlexpres.top,top,
DHL,Kazpost / CDEK (delivery),dhlexpress-parcel-fr.com,com,
DHL,Kazpost / CDEK (delivery),dhlexpress-qa.com,com,
DHL,Kazpost / CDEK (delivery),dhlexpress-qat.com,com,
DHL,Kazpost / CDEK (delivery),dhlexpress-shipment-track.finestcollection.co.uk,uk,
DHL,Kazpost / CDEK (delivery),dhlexpress-track-hu.com,com,
DHL,Kazpost / CDEK (delivery),dhlexpress-trackingpackage.com,com,
DHL,Kazpost / CDEK (delivery),dhlexpress.hopto.org,org,
DHL,Kazpost / CDEK (delivery),dhlexpress.hu,hu,
DHL,Kazpost / CDEK (delivery),dhlexpress.ro,ro,
DHL,Kazpost / CDEK (delivery),dhlexpressdeliveringnm.000webhostapp.com,com,000webhostapp.com
DHL,Kazpost / CDEK (delivery),dhlexpressdeliveryltdpm.000webhostapp.com,com,000webhostapp.com
DHL,Kazpost / CDEK (delivery),dhlexpresshu.com,com,
DHL,Kazpost / CDEK (delivery),dhlexpressmail.com,com,
DHL,Kazpost / CDEK (delivery),dhlexpresspacerlltd.000webhostapp.com,com,000webhostapp.com
DHL,Kazpost / CDEK (delivery),dhlexpressparcel-de.com,com,
DHL,Kazpost / CDEK (delivery),dhlexpressparcelltd.000webhostapp.com,com,000webhostapp.com
DHL,Kazpost / CDEK (delivery),dhlexpresspoint.com,com,
DHL,Kazpost / CDEK (delivery),dhlexpresstracking-qa.com,com,
DHL,Kazpost / CDEK (delivery),dhlexpressx.000webhostapp.com,com,000webhostapp.com
DHL,Kazpost / CDEK (delivery),dhlfameily.top,top,
DHL,Kazpost / CDEK (delivery),dhlfinance.com,com,
DHL,Kazpost / CDEK (delivery),dhlglobdelivery.pages.dev,dev,pages.dev
DHL,Kazpost / CDEK (delivery),dhlgpi-v2-frontend-fog0edws8-darvinhuangg.vercel.app,app,vercel.app
DHL,Kazpost / CDEK (delivery),dhlgpi.com,com,
DHL,Kazpost / CDEK (delivery),dhlgroup.deutschepost.xyz,xyz,
DHL,Kazpost / CDEK (delivery),dhlguide.co.uk,uk,
DHL,Kazpost / CDEK (delivery),dhlhotmail.temp.swtest.ru,ru,
DHL,Kazpost / CDEK (delivery),dhlhr.webauthor.com,com,
DHL,Kazpost / CDEK (delivery),dhlhtml.qpon,qpon,
DHL,Kazpost / CDEK (delivery),dhlinc.net,net,
DHL,Kazpost / CDEK (delivery),dhlindia-kyc.com,com,
DHL,Kazpost / CDEK (delivery),dhlinternationale.page.link,link,
DHL,Kazpost / CDEK (delivery),dhlip.icu,icu,
DHL,Kazpost / CDEK (delivery),dhlkinginfopackageinfopakingtrac-b6c104.ingress-daribow.ewp.live,live,
DHL,Kazpost / CDEK (delivery),dhlkkkl.weebly.com,com,weebly.com
DHL,Kazpost / CDEK (delivery),dhlkore.vercel.app,app,vercel.app
DHL,Kazpost / CDEK (delivery),dhlkoreoo.vercel.app,app,vercel.app
DHL,Kazpost / CDEK (delivery),dhller-1152068602449.staticrun.app,app,
DHL,Kazpost / CDEK (delivery),dhllify.georgejohnrealestate.com,com,
DHL,Kazpost / CDEK (delivery),dhllog1servlog.wpengine.com,com,
DHL,Kazpost / CDEK (delivery),dhlmember.dhltoyou.com,com,
DHL,Kazpost / CDEK (delivery),dhlmerchandise.com.au,au,
DHL,Kazpost / CDEK (delivery),dhlmvp.webauthor.com,com,
DHL,Kazpost / CDEK (delivery),dhlmxespost.fun,fun,
DHL,Kazpost / CDEK (delivery),dhlnetwoc.weebly.com,com,weebly.com
DHL,Kazpost / CDEK (delivery),dhlnetword7.weebly.com,com,weebly.com
DHL,Kazpost / CDEK (delivery),dhlnetworn.weebly.com,com,weebly.com
DHL,Kazpost / CDEK (delivery),dhlnetworz.weebly.com,com,weebly.com
DHL,Kazpost / CDEK (delivery),dhlonboarding.com,com,
DHL,Kazpost / CDEK (delivery),dhlonline.click,click,
DHL,Kazpost / CDEK (delivery),dhlosgdg.xyz,xyz,
DHL,Kazpost / CDEK (delivery),dhlpackage-on-hols-shipement-confirm-suspension-delivery-manage.com.swtest.ru,ru,
DHL,Kazpost / CDEK (delivery),dhlpackage.000webhostapp.com,com,000webhostapp.com
DHL,Kazpost / CDEK (delivery),dhlpage.000webhostapp.com,com,000webhostapp.com
DHL,Kazpost / CDEK (delivery),dhlpakk.firebaseapp.com,com,firebaseapp.com
DHL,Kazpost / CDEK (delivery),dhlparcel.sps-ocs.co.uk,uk,
DHL,Kazpost / CDEK (delivery),dhlparcells.000webhostapp.com,com,000webhostapp.com
DHL,Kazpost / CDEK (delivery),dhlparceltrack.com,com,
DHL,Kazpost / CDEK (delivery),dhlpay.shop,shop,
DHL,Kazpost / CDEK (delivery),dhlpostag-paketbedienung-baa732.ingress-florina.ewp.live,live,
DHL,Kazpost / CDEK (delivery),dhlpostdelivry.wpengine.com,com,
DHL,Kazpost / CDEK (delivery),dhlpostyop.temp.swtest.ru,ru,
DHL,Kazpost / CDEK (delivery),dhlproductosyservicios.com,com,
DHL,Kazpost / CDEK (delivery),dhlrenovar.click,click,
DHL,Kazpost / CDEK (delivery),dhlresolve.com,com,
DHL,Kazpost / CDEK (delivery),dhlrewardscards.com,com,
DHL,Kazpost / CDEK (delivery),dhls-website4.yolasite.com,com,
DHL,Kazpost / CDEK (delivery),dhlserve.pages.dev,dev,pages.dev
DHL,Kazpost / CDEK (delivery),dhlserver1.eu-gb.cf.appdomain.cloud,cloud,
DHL,Kazpost / CDEK (delivery),dhlservice.candes.me,me,
DHL,Kazpost / CDEK (delivery),dhlservice.cctvsignbuilder.com,com,
DHL,Kazpost / CDEK (delivery),dhlservice.riferesearch.org,org,
DHL,Kazpost / CDEK (delivery),dhlservices.dhcp.biz,biz,
DHL,Kazpost / CDEK (delivery),dhlserviceusaonline.com,com,
DHL,Kazpost / CDEK (delivery),dhlsiprod.eu23.smartcommunications.cloud,cloud,
DHL,Kazpost / CDEK (delivery),dhlspedizionimilano.it,it,
DHL,Kazpost / CDEK (delivery),dhlstafetten.dk,dk,
DHL,Kazpost / CDEK (delivery),dhlstrassbellingstafe.com,com,
DHL,Kazpost / CDEK (delivery),dhlstul.top,top,
DHL,Kazpost / CDEK (delivery),dhlsupplychaintest.earcu.com,com,
DHL,Kazpost / CDEK (delivery),dhlsupportservice-a15368.ingress-baronn.easywp.com,com,
DHL,Kazpost / CDEK (delivery),dhlsuupp.com,com,
DHL,Kazpost / CDEK (delivery),dhlswedens.temp.swtest.ru,ru,
DHL,Kazpost / CDEK (delivery),dhlteameyewyf.weebly.com,com,weebly.com
DHL,Kazpost / CDEK (delivery),dhltrack.pvi.pl,pl,
DHL,Kazpost / CDEK (delivery),dhltracking.s3.ca-tor.cloud-object-storage.appdomain.cloud,cloud,
DHL,Kazpost / CDEK (delivery),dhltransfer-secure6.ml,ml,
DHL,Kazpost / CDEK (delivery),dhlucrania.page.link,link,
DHL,Kazpost / CDEK (delivery),dhlus.weebly.com,com,weebly.com
DHL,Kazpost / CDEK (delivery),dhlvazsfzqqmcqgq-dot-millinium.ey.r.appspot.com,com,appspot.com
DHL,Kazpost / CDEK (delivery),dhlvedh.legmozu.presse.ci,ci,
DHL,Kazpost / CDEK (delivery),dhlvhome.icu,icu,
DHL,Kazpost / CDEK (delivery),dhlvideo.id,id,
DHL,Kazpost / CDEK (delivery),dhlvietnam-express.vn,vn,
DHL,Kazpost / CDEK (delivery),dhlvodafone.increso.it,it,
DHL,Kazpost / CDEK (delivery),dhlx.duckdns.org,org,
DHL,Kazpost / CDEK (delivery),dhlxpress-deliver.ddns.net,net,
DHL,Kazpost / CDEK (delivery),dhlxpress-qa.com,com,
DHL,Kazpost / CDEK (delivery),dhlxxq.gq,gq,
DHL,Kazpost / CDEK (delivery),e-dhl-iexpress.net,net,
DHL,Kazpost / CDEK (delivery),entrnational-dhl1.gotdns.ch,ch,
DHL,Kazpost / CDEK (delivery),express-delivery-dhl-routing.buypinzgauer.com,com,
DHL,Kazpost / CDEK (delivery),express-delivery-dhl-routing.inetonline.com,com,
DHL,Kazpost / CDEK (delivery),express-dhl.gotdns.ch,ch,
DHL,Kazpost / CDEK (delivery),express-service-dhl.com,com,
DHL,Kazpost / CDEK (delivery),login-dhl.web.app,app,web.app
DHL,Kazpost / CDEK (delivery),mail.dhl-parcel.20-115-51-4.cprapid.com,com,
DHL,Kazpost / CDEK (delivery),mail.dhlesgmarketing.com,com,
DHL,Kazpost / CDEK (delivery),mailer3-dhl.mdbgo.io,io,
DHL,Kazpost / CDEK (delivery),mon-site-dhl.com,com,
DHL,Kazpost / CDEK (delivery),msc.dhlspeedpack.be,be,
DHL,Kazpost / CDEK (delivery),my-dhl-express.legitinteriordesign.com,com,
DHL,Kazpost / CDEK (delivery),my-dhl-tracker.com,com,
DHL,Kazpost / CDEK (delivery),my-dhl2door.icu,icu,
DHL,Kazpost / CDEK (delivery),my-dhlexpressde.com,com,
DHL,Kazpost / CDEK (delivery),my-package-notify-dhl.com,com,
DHL,Kazpost / CDEK (delivery),my.dhlecommerce.nl,nl,
DHL,Kazpost / CDEK (delivery),my.dhlparcel.se,se,
DHL,Kazpost / CDEK (delivery),mydhl.express.dhl.francoisacademy.com,com,
DHL,Kazpost / CDEK (delivery),myparcel-dhlday.ddns.net,net,
DHL,Kazpost / CDEK (delivery),mytracking-dhl.site,site,
DHL,Kazpost / CDEK (delivery),orange-night-b24c.dhlupdatedlogin.workers.dev,dev,workers.dev
DHL,Kazpost / CDEK (delivery),package-dhl-hu.com,com,
DHL,Kazpost / CDEK (delivery),pacrel.dhl.ch-customer-shop.buy-f3cf0943.blockchainlifesciencelab.cloud,cloud,
DHL,Kazpost / CDEK (delivery),paket-dhl.free-h.net,net,
DHL,Kazpost / CDEK (delivery),paketexpress-dhltrack.xyz,xyz,
DHL,Kazpost / CDEK (delivery),parcel-dhl-chk.glitch.me,me,
DHL,Kazpost / CDEK (delivery),parcel-dhlexpress-qa.com,com,
DHL,Kazpost / CDEK (delivery),payment.dhl.ch-de-privatkunden.dhl-sendungsverfolgung.html3-310dbbd2.piccionicarni.com,com,
DHL,Kazpost / CDEK (delivery),perry-dhl.vercel.app,app,vercel.app
DHL,Kazpost / CDEK (delivery),pound-dhl.com,com,
DHL,Kazpost / CDEK (delivery),qatar-dhl.com,com,
DHL,Kazpost / CDEK (delivery),secure.dhlguestmanagement.com,com,
DHL,Kazpost / CDEK (delivery),sgin12-dhl.mdbgo.io,io,
USPS,Kazpost (national post),address-usps.com,com,
USPS,Kazpost (national post),adress-usps.xyz,xyz,
USPS,Kazpost (national post),ak-uspsofficial.shop,shop,
USPS,Kazpost (national post),alexus71696.usps-parcel.com,com,
USPS,Kazpost (national post),amazon-usps.xyz,xyz,
USPS,Kazpost (national post),app-cdn.delivery-usps.click-n-ship.info,info,
USPS,Kazpost (national post),app.cdn.usps.informed-delivery.me,me,
USPS,Kazpost (national post),app.cdn.usps.informed-delivery.net,net,
USPS,Kazpost (national post),auth.uspsinnovation.tech,tech,
USPS,Kazpost (national post),blod-https-usps-nctndcom.albbersuusdu.workers.dev,dev,workers.dev
USPS,Kazpost (national post),center-error-usps.dynnamn.ru,ru,
USPS,Kazpost (national post),click.usps-ground.com,com,
USPS,Kazpost (national post),client-servicessupport-uspspostsrvices.oznemedya.com,com,
USPS,Kazpost (national post),delivery-usps.sytes.net,net,
USPS,Kazpost (national post),delivery.usps-ewcpoysn.top,top,
USPS,Kazpost (national post),delivery.usps-ijwuergc.top,top,
USPS,Kazpost (national post),delivery.usps-infoalmu.top,top,
USPS,Kazpost (national post),delivery.usps-infobrjm.top,top,
USPS,Kazpost (national post),delivery.usps-infocsxr.top,top,
USPS,Kazpost (national post),delivery.usps-infoevtq.top,top,
USPS,Kazpost (national post),delivery.usps-infojqny.top,top,
USPS,Kazpost (national post),delivery.usps-infolfrw.top,top,
USPS,Kazpost (national post),delivery.usps-infoquty.top,top,
USPS,Kazpost (national post),delivery.usps-informedo.top,top,
USPS,Kazpost (national post),delivery.usps-infoswzg.top,top,
USPS,Kazpost (national post),delivery.usps-infoywtw.top,top,
USPS,Kazpost (national post),delivery.usps-myftjews.top,top,
USPS,Kazpost (national post),delivery.usps-turfhgfs.top,top,
USPS,Kazpost (national post),delivery.usps-waaggh.top,top,
USPS,Kazpost (national post),delivery.usps.logitel.com.au,au,
USPS,Kazpost (national post),delivery.uspsinfogbzr.top,top,
USPS,Kazpost (national post),delivery.uspsinfoiiej.top,top,
USPS,Kazpost (national post),delivery.uspsinfolzkw.top,top,
USPS,Kazpost (national post),delivery.uspsinfoucah.top,top,
USPS,Kazpost (national post),delivery.uspsinfoxmgq.top,top,
USPS,Kazpost (national post),delivery.uspsinfozcvn.top,top,
USPS,Kazpost (national post),delivery.uspsinfozddp.top,top,
USPS,Kazpost (national post),dev-auth.uspsinnovation.tech,tech,
USPS,Kazpost (national post),dev.informed.uspsinnovation.tech,tech,
USPS,Kazpost (national post),dispatching-cente-usps.jaribusmile.com,com,
USPS,Kazpost (national post),ef-usps.shop,shop,
USPS,Kazpost (national post),express-usps-line.com,com,
USPS,Kazpost (national post),foreverrstamps-usps.com,com,
USPS,Kazpost (national post),gacoras-usps.dynnamn.ru,ru,
USPS,Kazpost (national post),httpsalexus71696.usps-parcel.com,com,
USPS,Kazpost (national post),info-usps.top,top,
USPS,Kazpost (national post),informed.uspsinnovation.tech,tech,
USPS,Kazpost (national post),ji-usps.shop,shop,
USPS,Kazpost (national post),ksservice-usps.shop,shop,
USPS,Kazpost (national post),liteblue-usps-gov.com,com,
USPS,Kazpost (national post),liteblue-usps-gov.us,us,
USPS,Kazpost (national post),m.usps.delivery.lonk.jb03s.cfd,cfd,
USPS,Kazpost (national post),m.usps.delivery.lont.akh55.cfd,cfd,
USPS,Kazpost (national post),my-package-usps-mover-guide.mrbasic.com,com,
USPS,Kazpost (national post),mytrack-usps.shop,shop,
USPS,Kazpost (national post),notice.usps-deliveryfees141222.aca.edu.py,py,
USPS,Kazpost (national post),ny-usps.shop,shop,
USPS,Kazpost (national post),postalservice-usps.com,com,
USPS,Kazpost (national post),query-usps.top,top,
USPS,Kazpost (national post),quickcheck-usps.top,top,
USPS,Kazpost (national post),redelivery-clicknreship-suspendedtls19-usps--uscustomer-safety.codeanyapp.com,com,
USPS,Kazpost (national post),redelivery-clicknreship-suspendedtls41-usps--uscustomer-safety.codeanyapp.com,com,
USPS,Kazpost (national post),redelivery-usps.cechire.com,com,
USPS,Kazpost (national post),redeliverys-usps.com,com,
USPS,Kazpost (national post),redirect-usps.blogspot.al,al,
USPS,Kazpost (national post),redirect-usps.blogspot.ba,ba,
USPS,Kazpost (national post),redirect-usps.blogspot.bg,bg,
USPS,Kazpost (national post),redirect-usps.blogspot.cl,cl,
USPS,Kazpost (national post),redirect-usps.blogspot.co.ke,ke,
USPS,Kazpost (national post),redirect-usps.blogspot.com,com,
USPS,Kazpost (national post),redirect-usps.blogspot.com.by,by,
USPS,Kazpost (national post),redirect-usps.blogspot.com.co,co,
USPS,Kazpost (national post),redirect-usps.blogspot.com.cy,cy,
USPS,Kazpost (national post),redirect-usps.blogspot.com.ee,ee,
USPS,Kazpost (national post),redirect-usps.blogspot.com.mt,mt,
USPS,Kazpost (national post),redirect-usps.blogspot.com.ng,ng,
USPS,Kazpost (national post),redirect-usps.blogspot.com.uy,uy,
USPS,Kazpost (national post),redirect-usps.blogspot.hr,hr,
USPS,Kazpost (national post),redirect-usps.blogspot.is,is,
USPS,Kazpost (national post),refreshaddress-usps.com,com,
USPS,Kazpost (national post),repack-address-usps.com,com,
USPS,Kazpost (national post),repack-service-usps.com,com,
USPS,Kazpost (national post),usps-bab.shop,shop,
USPS,Kazpost (national post),usps-esf.shop,shop,
USPS,Kazpost (national post),usps-ewcpoysn.top,top,
USPS,Kazpost (national post),usps-ftz.shop,shop,
USPS,Kazpost (national post),usps-idc.shop,shop,
USPS,Kazpost (national post),usps-ijwuergc.top,top,
USPS,Kazpost (national post),usps-infoajnm.top,top,
USPS,Kazpost (national post),usps-infoalmu.top,top,
USPS,Kazpost (national post),usps-infobrjm.top,top,
USPS,Kazpost (national post),usps-infocrtf.top,top,
USPS,Kazpost (national post),usps-infocsxr.top,top,
USPS,Kazpost (national post),usps-infoepzt.top,top,
USPS,Kazpost (national post),usps-infojqny.top,top,
USPS,Kazpost (national post),usps-infomdkx.top,top,
USPS,Kazpost (national post),usps-infomxig.top,top,
USPS,Kazpost (national post),usps-infoquty.top,top,
USPS,Kazpost (national post),usps-infoswzg.top,top,
USPS,Kazpost (national post),usps-infoywtw.top,top,
USPS,Kazpost (national post),usps-kjc.shop,shop,
USPS,Kazpost (national post),usps-mall.shop,shop,
USPS,Kazpost (national post),usps-mvu.shop,shop,
USPS,Kazpost (national post),usps-namswas.top,top,
USPS,Kazpost (national post),usps-namswrxa.top,top,
USPS,Kazpost (national post),usps-pbo.shop,shop,
USPS,Kazpost (national post),usps-pzn.shop,shop,
USPS,Kazpost (national post),usps-qyu.shop,shop,
USPS,Kazpost (national post),usps-sa.top,top,
USPS,Kazpost (national post),usps-sd.top,top,
USPS,Kazpost (national post),usps-sf.top,top,
USPS,Kazpost (national post),usps-top-priority.com,com,
USPS,Kazpost (national post),usps-uql.shop,shop,
USPS,Kazpost (national post),usps-usa.pages.dev,dev,pages.dev
USPS,Kazpost (national post),usps-vyk.shop,shop,
USPS,Kazpost (national post),usps-wa-dev-gedsgvf9gad3g5bp.eastus-01.azurewebsites.net,net,
USPS,Kazpost (national post),usps-xlx.shop,shop,
USPS,Kazpost (national post),usps-yju.shop,shop,
USPS,Kazpost (national post),usps-zbx.shop,shop,
USPS,Kazpost (national post),usps-zlb.shop,shop,
USPS,Kazpost (national post),usps.com-alterf.xin,xin,
USPS,Kazpost (national post),usps.com-alteri.xin,xin,
USPS,Kazpost (national post),usps.com-alterj.xin,xin,
USPS,Kazpost (national post),usps.com-altern.xin,xin,
USPS,Kazpost (national post),usps.com-alterp.xin,xin,
USPS,Kazpost (national post),usps.com-alterr.xin,xin,
USPS,Kazpost (national post),usps.com-alteru.xin,xin,
USPS,Kazpost (national post),usps.com-alterz.xin,xin,
USPS,Kazpost (national post),usps.com-amef.xin,xin,
USPS,Kazpost (national post),usps.com-amej.xin,xin,
USPS,Kazpost (national post),usps.com-amend.xin,xin,
USPS,Kazpost (national post),usps.com-amendf.xin,xin,
USPS,Kazpost (national post),usps.com-amendk.xin,xin,
USPS,Kazpost (national post),usps.com-amendl.xin,xin,
USPS,Kazpost (national post),usps.com-amends.xin,xin,
USPS,Kazpost (national post),usps.com-amens.xin,xin,
USPS,Kazpost (national post),usps.com-ames.xin,xin,
USPS,Kazpost (national post),usps.com-amet.xin,xin,
USPS,Kazpost (national post),usps.com-apaysslpost.top,top,
USPS,Kazpost (national post),usps.com-bjdign.top,top,
USPS,Kazpost (national post),usps.com-cpaysslpost.top,top,
USPS,Kazpost (national post),usps.com-dhcot.xin,xin,
USPS,Kazpost (national post),usps.com-dhcox.xin,xin,
USPS,Kazpost (national post),usps.com-dhcoy.xin,xin,
USPS,Kazpost (national post),usps.com-dobnz.xin,xin,
USPS,Kazpost (national post),usps.com-eejfu.top,top,
USPS,Kazpost (national post),usps.com-epaysslpost.top,top,
USPS,Kazpost (national post),usps.com-eseg.top,top,
USPS,Kazpost (national post),usps.com-fastpaya.cyou,cyou,
USPS,Kazpost (national post),usps.com-fastpayc.cyou,cyou,
USPS,Kazpost (national post),usps.com-fastpayd.cyou,cyou,
USPS,Kazpost (national post),usps.com-fastpaye.cyou,cyou,
USPS,Kazpost (national post),usps.com-hpke.top,top,
USPS,Kazpost (national post),usps.com-hpko.top,top,
USPS,Kazpost (national post),usps.com-hpky.top,top,
USPS,Kazpost (national post),usps.com-line.xin,xin,
USPS,Kazpost (national post),usps.com-lini.xin,xin,
USPS,Kazpost (national post),usps.com-lino.xin,xin,
USPS,Kazpost (national post),usps.com-linq.xin,xin,
USPS,Kazpost (national post),usps.com-lint.xin,xin,
USPS,Kazpost (national post),usps.com-linu.xin,xin,
USPS,Kazpost (national post),usps.com-liny.xin,xin,
USPS,Kazpost (national post),usps.com-linz.xin,xin,
USPS,Kazpost (national post),usps.com-lspbo.top,top,
USPS,Kazpost (national post),usps.com-meia.xin,xin,
USPS,Kazpost (national post),usps.com-meif.xin,xin,
USPS,Kazpost (national post),usps.com-meij.xin,xin,
USPS,Kazpost (national post),usps.com-meis.xin,xin,
USPS,Kazpost (national post),usps.com-menda.xin,xin,
USPS,Kazpost (national post),usps.com-mendj.xin,xin,
USPS,Kazpost (national post),usps.com-mendk.xin,xin,
USPS,Kazpost (national post),usps.com-mendl.xin,xin,
USPS,Kazpost (national post),usps.com-mendm.xin,xin,
USPS,Kazpost (national post),usps.com-mendx.xin,xin,
USPS,Kazpost (national post),usps.com-mendy.xin,xin,
USPS,Kazpost (national post),usps.com-mendz.xin,xin,
USPS,Kazpost (national post),usps.com-mexc.xin,xin,
USPS,Kazpost (national post),usps.com-mexl.xin,xin,
USPS,Kazpost (national post),usps.com-mexs.xin,xin,
USPS,Kazpost (national post),usps.com-mexv.xin,xin,
USPS,Kazpost (national post),usps.com-parceltrack.top,top,
USPS,Kazpost (national post),usps.com-paydeskc.top,top,
USPS,Kazpost (national post),usps.com-reva.xin,xin,
USPS,Kazpost (national post),usps.com-revb.xin,xin,
USPS,Kazpost (national post),usps.com-revd.xin,xin,
USPS,Kazpost (national post),usps.com-revh.xin,xin,
USPS,Kazpost (national post),usps.com-revia.xin,xin,
USPS,Kazpost (national post),usps.com-revig.xin,xin,
USPS,Kazpost (national post),usps.com-revij.xin,xin,
USPS,Kazpost (national post),usps.com-reviu.xin,xin,
USPS,Kazpost (national post),usps.com-reviy.xin,xin,
USPS,Kazpost (national post),usps.com-revj.xin,xin,
USPS,Kazpost (national post),usps.com-revl.xin,xin,
USPS,Kazpost (national post),usps.com-rutyypuas.top,top,
USPS,Kazpost (national post),usps.com-rutyypunb.top,top,
USPS,Kazpost (national post),usps.com-rutyypupls.top,top,
USPS,Kazpost (national post),usps.com-rutyypuwes.top,top,
USPS,Kazpost (national post),usps.com-rutyypuwnf.top,top,
USPS,Kazpost (national post),usps.com-search.icu,icu,
USPS,Kazpost (national post),usps.com-tackkmuno.top,top,
USPS,Kazpost (national post),usps.com-tackvslvr.top,top,
USPS,Kazpost (national post),usps.com-trackaal.top,top,
USPS,Kazpost (national post),usps.com-trackaba.top,top,
USPS,Kazpost (national post),usps.com-trackabx.top,top,
USPS,Kazpost (national post),usps.com-trackacy.top,top,
USPS,Kazpost (national post),usps.com-trackadakf.top,top,
USPS,Kazpost (national post),usps.com-trackadaki.top,top,
USPS,Kazpost (national post),usps.com-trackadako.top,top,
USPS,Kazpost (national post),usps.com-trackadakp.top,top,
USPS,Kazpost (national post),usps.com-trackadaky.top,top,
USPS,Kazpost (national post),usps.com-trackadape.top,top,
USPS,Kazpost (national post),usps.com-trackadapr.top,top,
USPS,Kazpost (national post),usps.com-trackadaps.top,top,
USPS,Kazpost (national post),usps.com-trackadapx.top,top,
USPS,Kazpost (national post),usps.com-trackadeeo.top,top,
USPS,Kazpost (national post),usps.com-trackadeex.top,top,
USPS,Kazpost (national post),usps.com-trackadelj.top,top,
USPS,Kazpost (national post),usps.com-trackadell.top,top,
USPS,Kazpost (national post),usps.com-trackadels.top,top,
USPS,Kazpost (national post),usps.com-trackadelu.top,top,
USPS,Kazpost (national post),usps.com-trackadelv.top,top,
USPS,Kazpost (national post),usps.com-trackademb.top,top,
USPS,Kazpost (national post),usps.com-trackademd.top,top,
USPS,Kazpost (national post),usps.com-trackademh.top,top,
USPS,Kazpost (national post),usps.com-trackademn.top,top,
USPS,Kazpost (national post),usps.com-trackadenx.top,top,
USPS,Kazpost (national post),usps.com-trackadeny.top,top,
USPS,Kazpost (national post),usps.com-trackadepc.top,top,
USPS,Kazpost (national post),usps.com-trackadepe.top,top,
USPS,Kazpost (national post),usps.com-trackadepf.top,top,
USPS,Kazpost (national post),usps.com-trackadepg.top,top,
USPS,Kazpost (national post),usps.com-trackadevo.top,top,
USPS,Kazpost (national post),usps.com-trackadevs.top,top,
USPS,Kazpost (national post),usps.com-trackadewp.top,top,
USPS,Kazpost (national post),usps.com-trackadewy.top,top,
USPS,Kazpost (national post),usps.com-trackadewz.top,top,
USPS,Kazpost (national post),usps.com-trackael.top,top,
USPS,Kazpost (national post),usps.com-trackaes.top,top,
USPS,Kazpost (national post),usps.com-trackafa.top,top,
USPS,Kazpost (national post),usps.com-trackafl.top,top,
USPS,Kazpost (national post),usps.com-trackafs.top,top,
USPS,Kazpost (national post),usps.com-trackagm.top,top,
USPS,Kazpost (national post),usps.com-trackahb.top,top,
USPS,Kazpost (national post),usps.com-trackakf.top,top,
USPS,Kazpost (national post),usps.com-trackaki.top,top,
USPS,Kazpost (national post),usps.com-trackaksw.top,top,
USPS,Kazpost (national post),usps.com-trackand.top,top,
USPS,Kazpost (national post),usps.com-trackaom.top,top,
USPS,Kazpost (national post),usps.com-trackaon.top,top,
USPS,Kazpost (national post),usps.com-trackaow.top,top,
USPS,Kazpost (national post),usps.com-trackapq.top,top,
USPS,Kazpost (national post),usps.com-trackapr.top,top,
USPS,Kazpost (national post),usps.com-trackard.top,top,
USPS,Kazpost (national post),usps.com-trackast.top,top,
USPS,Kazpost (national post),usps.com-trackasu.top,top,
USPS,Kazpost (national post),usps.com-trackatm.top,top,
USPS,Kazpost (national post),usps.com-trackavb.top,top,
USPS,Kazpost (national post),usps.com-trackawn.top,top,
USPS,Kazpost (national post),usps.com-trackaxp.top,top,
USPS,Kazpost (national post),usps.com-trackayy.top,top,
USPS,Kazpost (national post),usps.com-trackazr.top,top,
USPS,Kazpost (national post),usps.com-trackbbt.top,top,
USPS,Kazpost (national post),usps.com-trackbdj.top,top,
USPS,Kazpost (national post),usps.com-trackbdl.top,top,
USPS,Kazpost (national post),usps.com-trackbdy.top,top,
USPS,Kazpost (national post),usps.com-trackbeq.top,top,
USPS,Kazpost (national post),usps.com-trackbet.top,top,
USPS,Kazpost (national post),usps.com-trackbfh.top,top,
USPS,Kazpost (national post),usps.com-trackbfk.top,top,
USPS,Kazpost (national post),usps.com-trackbfm.top,top,
USPS,Kazpost (national post),usps.com-trackbfu.top,top,
USPS,Kazpost (national post),usps.com-trackbfw.top,top,
USPS,Kazpost (national post),usps.com-trackbfy.top,top,
USPS,Kazpost (national post),usps.com-trackbgw.top,top,
USPS,Kazpost (national post),usps.com-trackbiz.top,top,
USPS,Kazpost (national post),usps.com-trackbkf.top,top,
USPS,Kazpost (national post),usps.com-trackbls.top,top,
USPS,Kazpost (national post),usps.com-trackbme.top,top,
USPS,Kazpost (national post),usps.com-trackbmt.top,top,
USPS,Kazpost (national post),usps.com-trackbna.top,top,
USPS,Kazpost (national post),usps.com-trackbno.top,top,
USPS,Kazpost (national post),usps.com-trackbov.top,top,
USPS,Kazpost (national post),usps.com-trackbow.top,top,
USPS,Kazpost (national post),usps.com-trackbpw.top,top,
USPS,Kazpost (national post),usps.com-trackbqb.top,top,
USPS,Kazpost (national post),usps.com-trackbri.top,top,
USPS,Kazpost (national post),usps.com-trackbsl.top,top,
USPS,Kazpost (national post),usps.com-trackbtc.top,top,
USPS,Kazpost (national post),usps.com-trackbtm.top,top,
USPS,Kazpost (national post),usps.com-trackbuh.top,top,
USPS,Kazpost (national post),usps.com-trackbuu.top,top,
USPS,Kazpost (national post),usps.com-trackbvi.top,top,
USPS,Kazpost (national post),usps.com-trackbvq.top,top,
USPS,Kazpost (national post),usps.com-trackbvu.top,top,
USPS,Kazpost (national post),usps.com-trackbwp.top,top,
USPS,Kazpost (national post),usps.com-trackbxi.top,top,
USPS,Kazpost (national post),usps.com-trackbxw.top,top,
USPS,Kazpost (national post),usps.com-trackbyf.top,top,
USPS,Kazpost (national post),usps.com-trackbyl.top,top,
USPS,Kazpost (national post),usps.com-trackbyz.top,top,
USPS,Kazpost (national post),usps.com-trackbzz.top,top,
USPS,Kazpost (national post),usps.com-trackcai.top,top,
USPS,Kazpost (national post),usps.com-trackcao.top,top,
USPS,Kazpost (national post),usps.com-trackccj.top,top,
USPS,Kazpost (national post),usps.com-trackccl.top,top,
USPS,Kazpost (national post),usps.com-trackccm.top,top,
USPS,Kazpost (national post),usps.com-trackccu.top,top,
USPS,Kazpost (national post),usps.com-trackcec.top,top,
USPS,Kazpost (national post),usps.com-trackcfi.top,top,
USPS,Kazpost (national post),usps.com-trackcfm.top,top,
USPS,Kazpost (national post),usps.com-trackcjnz.top,top,
USPS,Kazpost (national post),usps.com-trackckl.top,top,
USPS,Kazpost (national post),usps.com-trackcoo.top,top,
USPS,Kazpost (national post),usps.com-trackcpv.top,top,
USPS,Kazpost (national post),usps.com-trackcuf.top,top,
USPS,Kazpost (national post),usps.com-trackcxl.top,top,
USPS,Kazpost (national post),usps.com-trackdac.top,top,
USPS,Kazpost (national post),usps.com-trackdax.top,top,
USPS,Kazpost (national post),usps.com-trackdbd.top,top,
USPS,Kazpost (national post),usps.com-trackdbk.top,top,
USPS,Kazpost (national post),usps.com-trackdem.top,top,
USPS,Kazpost (national post),usps.com-trackdeo.top,top,
USPS,Kazpost (national post),usps.com-trackdgg.top,top,
USPS,Kazpost (national post),usps.com-trackdiw.top,top,
USPS,Kazpost (national post),usps.com-trackdjq.top,top,
USPS,Kazpost (national post),usps.com-trackdkn.top,top,
USPS,Kazpost (national post),usps.com-trackdlz.top,top,
USPS,Kazpost (national post),usps.com-trackdna.top,top,
USPS,Kazpost (national post),usps.com-trackdnq.top,top,
USPS,Kazpost (national post),usps.com-trackdoa.top,top,
USPS,Kazpost (national post),usps.com-trackdop.top,top,
USPS,Kazpost (national post),usps.com-trackdpb.top,top,
USPS,Kazpost (national post),usps.com-trackdpx.top,top,
USPS,Kazpost (national post),usps.com-trackdqa.top,top,
USPS,Kazpost (national post),usps.com-trackdqf.top,top,
USPS,Kazpost (national post),usps.com-trackdrz.top,top,
USPS,Kazpost (national post),usps.com-trackduo.top,top,
USPS,Kazpost (national post),usps.com-trackdwb.top,top,
USPS,Kazpost (national post),usps.com-trackdwy.top,top,
USPS,Kazpost (national post),usps.com-trackdxa.top,top,
USPS,Kazpost (national post),usps.com-trackdxh.top,top,
USPS,Kazpost (national post),usps.com-trackdyt.top,top,
USPS,Kazpost (national post),usps.com-trackeaj.top,top,
USPS,Kazpost (national post),usps.com-trackebv.top,top,
USPS,Kazpost (national post),usps.com-trackeby.top,top,
USPS,Kazpost (national post),usps.com-trackecb.top,top,
USPS,Kazpost (national post),usps.com-trackecf.top,top,
USPS,Kazpost (national post),usps.com-trackecr.top,top,
USPS,Kazpost (national post),usps.com-trackecx.top,top,
USPS,Kazpost (national post),usps.com-trackeez.top,top,
USPS,Kazpost (national post),usps.com-trackefd.top,top,
USPS,Kazpost (national post),usps.com-trackefg.top,top,
USPS,Kazpost (national post),usps.com-trackefu.top,top,
USPS,Kazpost (national post),usps.com-trackeji.top,top,
USPS,Kazpost (national post),usps.com-trackekd.top,top,
USPS,Kazpost (national post),usps.com-trackekf.top,top,
USPS,Kazpost (national post),usps.com-trackekq.top,top,
USPS,Kazpost (national post),usps.com-trackelm.top,top,
USPS,Kazpost (national post),usps.com-trackemr.top,top,
USPS,Kazpost (national post),usps.com-trackens.top,top,
USPS,Kazpost (national post),usps.com-trackeou.top,top,
USPS,Kazpost (national post),usps.com-trackeox.top,top,
USPS,Kazpost (national post),usps.com-trackepk.top,top,
USPS,Kazpost (national post),usps.com-trackeqa.top,top,
USPS,Kazpost (national post),usps.com-trackeqd.top,top,
USPS,Kazpost (national post),usps.com-trackesek.top,top,
USPS,Kazpost (national post),usps.com-trackesg.top,top,
USPS,Kazpost (national post),usps.com-trackesi.top,top,
USPS,Kazpost (national post),usps.com-tracketn.top,top,
USPS,Kazpost (national post),usps.com-trackewz.top,top,
USPS,Kazpost (national post),usps.com-trackexf.top,top,
USPS,Kazpost (national post),usps.com-trackexh.top,top,
USPS,Kazpost (national post),usps.com-trackexk.top,top,
USPS,Kazpost (national post),usps.com-trackexq.top,top,
USPS,Kazpost (national post),usps.com-trackexv.top,top,
USPS,Kazpost (national post),usps.com-trackeyy.top,top,
USPS,Kazpost (national post),usps.com-trackezg.top,top,
USPS,Kazpost (national post),usps.com-trackezs.top,top,
USPS,Kazpost (national post),usps.com-trackfac.top,top,
USPS,Kazpost (national post),usps.com-trackfbl.top,top,
USPS,Kazpost (national post),usps.com-trackfcm.top,top,
USPS,Kazpost (national post),usps.com-trackfek.top,top,
USPS,Kazpost (national post),usps.com-trackfep.top,top,
USPS,Kazpost (national post),usps.com-trackfev.top,top,
USPS,Kazpost (national post),usps.com-trackfez.top,top,
USPS,Kazpost (national post),usps.com-trackffgd.top,top,
USPS,Kazpost (national post),usps.com-trackffl.top,top,
USPS,Kazpost (national post),usps.com-trackffq.top,top,
USPS,Kazpost (national post),usps.com-trackffr.top,top,
USPS,Kazpost (national post),usps.com-trackfgc.top,top,
USPS,Kazpost (national post),usps.com-trackfhi.top,top,
USPS,Kazpost (national post),usps.com-trackfho.top,top,
USPS,Kazpost (national post),usps.com-trackfix.top,top,
USPS,Kazpost (national post),usps.com-trackfmg.top,top,
USPS,Kazpost (national post),usps.com-trackfmn.top,top,
USPS,Kazpost (national post),usps.com-trackfmu.top,top,
USPS,Kazpost (national post),usps.com-trackfpk.top,top,
USPS,Kazpost (national post),usps.com-trackfpr.top,top,
USPS,Kazpost (national post),usps.com-trackfqa.top,top,
USPS,Kazpost (national post),usps.com-trackfqu.top,top,
USPS,Kazpost (national post),usps.com-trackftf.top,top,
USPS,Kazpost (national post),usps.com-trackfth.top,top,
USPS,Kazpost (national post),usps.com-trackfti.top,top,
USPS,Kazpost (national post),usps.com-trackftq.top,top,
USPS,Kazpost (national post),usps.com-trackfun.top,top,
USPS,Kazpost (national post),usps.com-trackfwe.top,top,
USPS,Kazpost (national post),usps.com-trackfwfr.top,top,
USPS,Kazpost (national post),usps.com-trackgbz.top,top,
USPS,Kazpost (national post),usps.com-trackgcs.top,top,
USPS,Kazpost (national post),usps.com-trackgdm.top,top,
USPS,Kazpost (national post),usps.com-trackgeo.top,top,
USPS,Kazpost (national post),usps.com-trackget.top,top,
USPS,Kazpost (national post),usps.com-trackgfd.top,top,
USPS,Kazpost (national post),usps.com-trackgfp.top,top,
USPS,Kazpost (national post),usps.com-trackggi.top,top,
USPS,Kazpost (national post),usps.com-trackgha.top,top,
USPS,Kazpost (national post),usps.com-trackghg.top,top,
USPS,Kazpost (national post),usps.com-trackgix.top,top,
USPS,Kazpost (national post),usps.com-trackgka.top,top,
USPS,Kazpost (national post),usps.com-trackgkn.top,top,
USPS,Kazpost (national post),usps.com-trackgkr.top,top,
USPS,Kazpost (national post),usps.com-trackgnk.top,top,
USPS,Kazpost (national post),usps.com-trackgnn.top,top,
USPS,Kazpost (national post),usps.com-trackgoi.top,top,
USPS,Kazpost (national post),usps.com-trackgox.top,top,
USPS,Kazpost (national post),usps.com-trackgpv.top,top,
USPS,Kazpost (national post),usps.com-trackgqj.top,top,
USPS,Kazpost (national post),usps.com-trackgtn.top,top,
USPS,Kazpost (national post),usps.com-trackgtr.top,top,
USPS,Kazpost (national post),usps.com-trackgvx.top,top,
USPS,Kazpost (national post),usps.com-trackgwo.top,top,
USPS,Kazpost (national post),usps.com-trackgwz.top,top,
USPS,Kazpost (national post),usps.com-trackgyg.top,top,
USPS,Kazpost (national post),usps.com-trackgzh.top,top,
USPS,Kazpost (national post),usps.com-trackgzv.top,top,
USPS,Kazpost (national post),usps.com-trackhbb.top,top,
USPS,Kazpost (national post),usps.com-trackhbg.top,top,
USPS,Kazpost (national post),usps.com-trackhby.top,top,
USPS,Kazpost (national post),usps.com-trackhdu.top,top,
USPS,Kazpost (national post),usps.com-trackhef.top,top,
USPS,Kazpost (national post),usps.com-trackhgb.top,top,
USPS,Kazpost (national post),usps.com-trackhhe.top,top,
USPS,Kazpost (national post),usps.com-trackhit.top,top,
USPS,Kazpost (national post),usps.com-trackhku.top,top,
USPS,Kazpost (national post),usps.com-trackhky.top,top,
USPS,Kazpost (national post),usps.com-trackhlc.top,top,
USPS,Kazpost (national post),usps.com-trackhln.top,top,
USPS,Kazpost (national post),usps.com-trackhma.top,top,
USPS,Kazpost (national post),usps.com-trackhoh.top,top,
USPS,Kazpost (national post),usps.com-trackhpyf.top,top,
USPS,Kazpost (national post),usps.com-trackhqv.top,top,
USPS,Kazpost (national post),usps.com-trackhsp.top,top,
USPS,Kazpost (national post),usps.com-trackhtc.top,top,
USPS,Kazpost (national post),usps.com-trackhtw.top,top,
USPS,Kazpost (national post),usps.com-trackhvh.top,top,
USPS,Kazpost (national post),usps.com-trackhvi.top,top,
USPS,Kazpost (national post),usps.com-trackhvm.top,top,
USPS,Kazpost (national post),usps.com-trackhvz.top,top,
USPS,Kazpost (national post),usps.com-trackhwc.top,top,
USPS,Kazpost (national post),usps.com-trackhxo.top,top,
USPS,Kazpost (national post),usps.com-trackhys.top,top,
USPS,Kazpost (national post),usps.com-trackhzj.top,top,
USPS,Kazpost (national post),usps.com-trackibe.top,top,
USPS,Kazpost (national post),usps.com-trackibl.top,top,
USPS,Kazpost (national post),usps.com-trackick.top,top,
USPS,Kazpost (national post),usps.com-trackicm.top,top,
USPS,Kazpost (national post),usps.com-trackicw.top,top,
USPS,Kazpost (national post),usps.com-trackiev.top,top,
USPS,Kazpost (national post),usps.com-trackifk.top,top,
USPS,Kazpost (national post),usps.com-trackiga.top,top,
USPS,Kazpost (national post),usps.com-trackigz.top,top,
USPS,Kazpost (national post),usps.com-trackiij.top,top,
USPS,Kazpost (national post),usps.com-trackiis.top,top,
USPS,Kazpost (national post),usps.com-trackiix.top,top,
USPS,Kazpost (national post),usps.com-trackikc.top,top,
USPS,Kazpost (national post),usps.com-trackikv.top,top,
USPS,Kazpost (national post),usps.com-trackily.top,top,
USPS,Kazpost (national post),usps.com-tracking-cao.cc,cc,
USPS,Kazpost (national post),usps.com-tracking-ccp.cc,cc,
USPS,Kazpost (national post),usps.com-tracking-cdp.cc,cc,
USPS,Kazpost (national post),usps.com-tracking-ceo.cc,cc,
USPS,Kazpost (national post),usps.com-tracking-cfo.cc,cc,
USPS,Kazpost (national post),usps.com-tracking-cgp.cc,cc,
USPS,Kazpost (national post),usps.com-tracking-cjp.cc,cc,
USPS,Kazpost (national post),usps.com-tracking-cko.cc,cc,
USPS,Kazpost (national post),usps.com-tracking-ckp.cc,cc,
USPS,Kazpost (national post),usps.com-tracking-cmp.cc,cc,
USPS,Kazpost (national post),usps.com-tracking-cnp.cc,cc,
USPS,Kazpost (national post),usps.com-tracking-cso.cc,cc,
USPS,Kazpost (national post),usps.com-tracking-csp.cc,cc,
USPS,Kazpost (national post),usps.com-tracking-cvp.cc,cc,
USPS,Kazpost (national post),usps.com-tracking-cxp.cc,cc,
USPS,Kazpost (national post),usps.com-tracking-help168.cc,cc,
USPS,Kazpost (national post),usps.com-tracking-help19.cc,cc,
USPS,Kazpost (national post),usps.com-tracking-help25rf.cc,cc,
USPS,Kazpost (national post),usps.com-tracking-helpabcd.cc,cc,
USPS,Kazpost (national post),usps.com-tracking-helpaz.cc,cc,
USPS,Kazpost (national post),usps.com-tracking-helpboj.cc,cc,
USPS,Kazpost (national post),usps.com-tracking-helpbs.cc,cc,
USPS,Kazpost (national post),usps.com-tracking-helpcc1.cc,cc,
USPS,Kazpost (national post),usps.com-tracking-helpcft.cc,cc,
USPS,Kazpost (national post),usps.com-tracking-helpcv.cc,cc,
USPS,Kazpost (national post),usps.com-tracking-helpdf.cc,cc,
USPS,Kazpost (national post),usps.com-tracking-helpdfg.cc,cc,
USPS,Kazpost (national post),usps.com-tracking-helpdo.cc,cc,
USPS,Kazpost (national post),usps.com-tracking-helpefl.cc,cc,
USPS,Kazpost (national post),usps.com-tracking-helpeo.cc,cc,
USPS,Kazpost (national post),usps.com-tracking-helpep.cc,cc,
USPS,Kazpost (national post),usps.com-tracking-helperp.cc,cc,
USPS,Kazpost (national post),usps.com-tracking-helpev.cc,cc,
USPS,Kazpost (national post),usps.com-tracking-helpfll.cc,cc,
USPS,Kazpost (national post),usps.com-tracking-helpfr.cc,cc,
USPS,Kazpost (national post),usps.com-tracking-helpgf.cc,cc,
USPS,Kazpost (national post),usps.com-tracking-helpgm.cc,cc,
USPS,Kazpost (national post),usps.com-tracking-helphh1.cc,cc,
USPS,Kazpost (national post),usps.com-tracking-helphhh.cc,cc,
USPS,Kazpost (national post),usps.com-tracking-helpip.cc,cc,
USPS,Kazpost (national post),usps.com-tracking-helpjhk.cc,cc,
USPS,Kazpost (national post),usps.com-tracking-helpkhg.cc,cc,
USPS,Kazpost (national post),usps.com-tracking-helpks.cc,cc,
USPS,Kazpost (national post),usps.com-tracking-helpksg.cc,cc,
USPS,Kazpost (national post),usps.com-tracking-helplk.cc,cc,
USPS,Kazpost (national post),usps.com-tracking-helplsd.cc,cc,
USPS,Kazpost (national post),usps.com-tracking-helplv.cc,cc,
USPS,Kazpost (national post),usps.com-tracking-helpmbh.cc,cc,
USPS,Kazpost (national post),usps.com-tracking-helpmcb.cc,cc,
USPS,Kazpost (national post),usps.com-tracking-helpmcl.cc,cc,
USPS,Kazpost (national post),usps.com-tracking-helpmct.cc,cc,
USPS,Kazpost (national post),usps.com-tracking-helpoiu.cc,cc,
USPS,Kazpost (national post),usps.com-tracking-helpomg.cc,cc,
USPS,Kazpost (national post),usps.com-tracking-helppjn.cc,cc,
USPS,Kazpost (national post),usps.com-tracking-helppo.cc,cc,
USPS,Kazpost (national post),usps.com-tracking-helpqq.cc,cc,
USPS,Kazpost (national post),usps.com-tracking-helpqscf.cc,cc,
USPS,Kazpost (national post),usps.com-tracking-helpqsl.cc,cc,
USPS,Kazpost (national post),usps.com-tracking-helprr1.cc,cc,
USPS,Kazpost (national post),usps.com-tracking-helprvf.cc,cc,
USPS,Kazpost (national post),usps.com-tracking-helpsaa.cc,cc,
USPS,Kazpost (national post),usps.com-tracking-helpsac.cc,cc,
USPS,Kazpost (national post),usps.com-tracking-helpsad.cc,cc,
USPS,Kazpost (national post),usps.com-tracking-helpsaf.cc,cc,
USPS,Kazpost (national post),usps.com-tracking-helpsag.cc,cc,
USPS,Kazpost (national post),usps.com-tracking-helpsai.cc,cc,
USPS,Kazpost (national post),usps.com-tracking-helpsaj.cc,cc,
USPS,Kazpost (national post),usps.com-tracking-helpsal.cc,cc,
USPS,Kazpost (national post),usps.com-tracking-helpsaq.cc,cc,
USPS,Kazpost (national post),usps.com-tracking-helpsar.cc,cc,
USPS,Kazpost (national post),usps.com-tracking-helpsas.cc,cc,
USPS,Kazpost (national post),usps.com-tracking-helpsat.cc,cc,
USPS,Kazpost (national post),usps.com-tracking-helpsau.cc,cc,
USPS,Kazpost (national post),usps.com-tracking-helpsaw.cc,cc,
USPS,Kazpost (national post),usps.com-tracking-helpsay.cc,cc,
USPS,Kazpost (national post),usps.com-tracking-helpsaz.cc,cc,
USPS,Kazpost (national post),usps.com-tracking-helpsds.cc,cc,
USPS,Kazpost (national post),usps.com-tracking-helpsew.cc,cc,
USPS,Kazpost (national post),usps.com-tracking-helpsic.cc,cc,
USPS,Kazpost (national post),usps.com-tracking-helpsid.cc,cc,
USPS,Kazpost (national post),usps.com-tracking-helpsif.cc,cc,
USPS,Kazpost (national post),usps.com-tracking-helpsih.cc,cc,
USPS,Kazpost (national post),usps.com-tracking-helpsij.cc,cc,
USPS,Kazpost (national post),usps.com-tracking-helpsil.cc,cc,
USPS,Kazpost (national post),usps.com-tracking-helpsir.cc,cc,
USPS,Kazpost (national post),usps.com-tracking-helpsit.cc,cc,
USPS,Kazpost (national post),usps.com-tracking-helpsiu.cc,cc,
USPS,Kazpost (national post),usps.com-tracking-helpsiv.cc,cc,
USPS,Kazpost (national post),usps.com-tracking-helpsiw.cc,cc,
USPS,Kazpost (national post),usps.com-tracking-helpsix.cc,cc,
USPS,Kazpost (national post),usps.com-tracking-helpsiy.cc,cc,
USPS,Kazpost (national post),usps.com-tracking-helpsiz.cc,cc,
USPS,Kazpost (national post),usps.com-tracking-helpsm.cc,cc,
USPS,Kazpost (national post),usps.com-tracking-helpsnb.cc,cc,
USPS,Kazpost (national post),usps.com-tracking-helpsne.cc,cc,
USPS,Kazpost (national post),usps.com-tracking-helpsng.cc,cc,
USPS,Kazpost (national post),usps.com-tracking-helpsnl.cc,cc,
USPS,Kazpost (national post),usps.com-tracking-helpsnp.cc,cc,
USPS,Kazpost (national post),usps.com-tracking-helpsnv.cc,cc,
USPS,Kazpost (national post),usps.com-tracking-helpsnw.cc,cc,
USPS,Kazpost (national post),usps.com-tracking-helpsof.cc,cc,
USPS,Kazpost (national post),usps.com-tracking-helpsoh.cc,cc,
USPS,Kazpost (national post),usps.com-tracking-helpsoj.cc,cc,
USPS,Kazpost (national post),usps.com-tracking-helpsok.cc,cc,
USPS,Kazpost (national post),usps.com-tracking-helpsor.cc,cc,
USPS,Kazpost (national post),usps.com-tracking-helpsou.cc,cc,
USPS,Kazpost (national post),usps.com-tracking-helpsoy.cc,cc,
USPS,Kazpost (national post),usps.com-tracking-helpspl.cc,cc,
USPS,Kazpost (national post),usps.com-tracking-helpspo.cc,cc,
USPS,Kazpost (national post),usps.com-tracking-helpsti.cc,cc,
USPS,Kazpost (national post),usps.com-tracking-helpstr.cc,cc,
USPS,Kazpost (national post),usps.com-tracking-helpstu.cc,cc,
USPS,Kazpost (national post),usps.com-tracking-helpsui.cc,cc,
USPS,Kazpost (national post),usps.com-tracking-helpsuy.cc,cc,
USPS,Kazpost (national post),usps.com-tracking-helpsxe.cc,cc,
USPS,Kazpost (national post),usps.com-tracking-helpsxp.cc,cc,
USPS,Kazpost (national post),usps.com-tracking-helpsxq.cc,cc,
USPS,Kazpost (national post),usps.com-tracking-helpsxu.cc,cc,
USPS,Kazpost (national post),usps.com-tracking-helpsyi.cc,cc,
USPS,Kazpost (national post),usps.com-tracking-helpsza.cc,cc,
USPS,Kazpost (national post),usps.com-tracking-helpszc.cc,cc,
USPS,Kazpost (national post),usps.com-tracking-helpszd.cc,cc,
USPS,Kazpost (national post),usps.com-tracking-helpsze.cc,cc,
USPS,Kazpost (national post),usps.com-tracking-helpszf.cc,cc,
USPS,Kazpost (national post),usps.com-tracking-helpszg.cc,cc,
USPS,Kazpost (national post),usps.com-tracking-helpszi.cc,cc,
USPS,Kazpost (national post),usps.com-tracking-helpszk.cc,cc,
USPS,Kazpost (national post),usps.com-tracking-helpszm.cc,cc,
USPS,Kazpost (national post),usps.com-tracking-helpszp.cc,cc,
USPS,Kazpost (national post),usps.com-tracking-helpszq.cc,cc,
USPS,Kazpost (national post),usps.com-tracking-helpszr.cc,cc,
USPS,Kazpost (national post),usps.com-tracking-helpszs.cc,cc,
USPS,Kazpost (national post),usps.com-tracking-helpszt.cc,cc,
USPS,Kazpost (national post),usps.com-tracking-helpszu.cc,cc,
USPS,Kazpost (national post),usps.com-tracking-helpszv.cc,cc,
USPS,Kazpost (national post),usps.com-tracking-helpszw.cc,cc,
USPS,Kazpost (national post),usps.com-tracking-helpszy.cc,cc,
USPS,Kazpost (national post),usps.com-tracking-helpszz.cc,cc,
USPS,Kazpost (national post),usps.com-tracking-helpttt.cc,cc,
USPS,Kazpost (national post),usps.com-tracking-helpusl.cc,cc,
USPS,Kazpost (national post),usps.com-tracking-helpvn.cc,cc,
USPS,Kazpost (national post),usps.com-tracking-helpvr.cc,cc,
USPS,Kazpost (national post),usps.com-tracking-helpwer.cc,cc,
USPS,Kazpost (national post),usps.com-tracking-helpwu.cc,cc,
USPS,Kazpost (national post),usps.com-tracking-helpww.cc,cc,
USPS,Kazpost (national post),usps.com-tracking-helpyhb.cc,cc,
USPS,Kazpost (national post),usps.com-tracking-helpyy1.cc,cc,
USPS,Kazpost (national post),usps.com-tracking-helpzdr.cc,cc,
USPS,Kazpost (national post),usps.com-tracking-helpzgz.cc,cc,
USPS,Kazpost (national post),usps.com-tracking-helpzq.cc,cc,
USPS,Kazpost (national post),usps.com-tracking-helpzxd8.cc,cc,
USPS,Kazpost (national post),usps.com-tracking-usxxae.cc,cc,
USPS,Kazpost (national post),usps.com-tracking-usxxce.cc,cc,
USPS,Kazpost (national post),usps.com-tracking-usxxde.cc,cc,
USPS,Kazpost (national post),usps.com-tracking-usxxge.cc,cc,
USPS,Kazpost (national post),usps.com-tracking-usxxie.cc,cc,
USPS,Kazpost (national post),usps.com-tracking-usxxje.cc,cc,
USPS,Kazpost (national post),usps.com-tracking-usxxke.cc,cc,
USPS,Kazpost (national post),usps.com-tracking-usxxle.cc,cc,
USPS,Kazpost (national post),usps.com-tracking-usxxme.cc,cc,
USPS,Kazpost (national post),usps.com-tracking-usxxne.cc,cc,
USPS,Kazpost (national post),usps.com-tracking-usxxoe.cc,cc,
USPS,Kazpost (national post),usps.com-tracking-usxxpe.cc,cc,
USPS,Kazpost (national post),usps.com-tracking-usxxse.cc,cc,
USPS,Kazpost (national post),usps.com-tracking-usxxue.cc,cc,
USPS,Kazpost (national post),usps.com-tracking-usxxwe.cc,cc,
USPS,Kazpost (national post),usps.com-tracking-usxxye.cc,cc,
USPS,Kazpost (national post),usps.com-tracking-usxxze.cc,cc,
USPS,Kazpost (national post),usps.com-tracking-vvbv.cc,cc,
USPS,Kazpost (national post),usps.com-tracking-vvcv.cc,cc,
USPS,Kazpost (national post),usps.com-tracking-vvem.cc,cc,
USPS,Kazpost (national post),usps.com-tracking-vvnv.cc,cc,
USPS,Kazpost (national post),usps.com-tracking-vvqm.cc,cc,
USPS,Kazpost (national post),usps.com-tracking-vvwm.cc,cc,
USPS,Kazpost (national post),usps.com-tracking-xxax.vip,vip,
USPS,Kazpost (national post),usps.com-tracking-xxcx.vip,vip,
USPS,Kazpost (national post),usps.com-trackipo.top,top,
USPS,Kazpost (national post),usps.com-trackirr.top,top,
USPS,Kazpost (national post),usps.com-trackist.top,top,
USPS,Kazpost (national post),usps.com-trackivc.top,top,
USPS,Kazpost (national post),usps.com-trackiwc.top,top,
USPS,Kazpost (national post),usps.com-trackiwp.top,top,
USPS,Kazpost (national post),usps.com-trackixb.top,top,
USPS,Kazpost (national post),usps.com-trackixf.top,top,
USPS,Kazpost (national post),usps.com-trackixi.top,top,
USPS,Kazpost (national post),usps.com-trackixl.top,top,
USPS,Kazpost (national post),usps.com-trackiyc.top,top,
USPS,Kazpost (national post),usps.com-trackiyd.top,top,
USPS,Kazpost (national post),usps.com-trackjaj.top,top,
USPS,Kazpost (national post),usps.com-trackjco.top,top,
USPS,Kazpost (national post),usps.com-trackjdv.top,top,
USPS,Kazpost (national post),usps.com-trackjfd.top,top,
USPS,Kazpost (national post),usps.com-trackjfk.top,top,
USPS,Kazpost (national post),usps.com-trackjhb.top,top,
USPS,Kazpost (national post),usps.com-trackjhn.top,top,
USPS,Kazpost (national post),usps.com-trackjii.top,top,
USPS,Kazpost (national post),usps.com-trackjip.top,top,
USPS,Kazpost (national post),usps.com-trackjiv.top,top,
USPS,Kazpost (national post),usps.com-trackjjc.top,top,
USPS,Kazpost (national post),usps.com-trackjju.top,top,
USPS,Kazpost (national post),usps.com-trackjkz.top,top,
USPS,Kazpost (national post),usps.com-trackjlw.top,top,
USPS,Kazpost (national post),usps.com-trackjme.top,top,
USPS,Kazpost (national post),usps.com-trackjmh.top,top,
USPS,Kazpost (national post),usps.com-trackjmx.top,top,
USPS,Kazpost (national post),usps.com-trackjoo.top,top,
USPS,Kazpost (national post),usps.com-trackjqa.top,top,
USPS,Kazpost (national post),usps.com-trackjqh.top,top,
USPS,Kazpost (national post),usps.com-trackjre.top,top,
USPS,Kazpost (national post),usps.com-trackjrk.top,top,
USPS,Kazpost (national post),usps.com-trackjsh.top,top,
USPS,Kazpost (national post),usps.com-trackjvg.top,top,
USPS,Kazpost (national post),usps.com-trackjxg.top,top,
USPS,Kazpost (national post),usps.com-trackjxj.top,top,
USPS,Kazpost (national post),usps.com-trackjyo.top,top,
USPS,Kazpost (national post),usps.com-trackjzp.top,top,
USPS,Kazpost (national post),usps.com-trackjzv.top,top,
USPS,Kazpost (national post),usps.com-trackjzy.top,top,
USPS,Kazpost (national post),usps.com-trackkac.top,top,
USPS,Kazpost (national post),usps.com-trackkag.top,top,
USPS,Kazpost (national post),usps.com-trackkal.top,top,
USPS,Kazpost (national post),usps.com-trackkce.top,top,
USPS,Kazpost (national post),usps.com-trackkcy.top,top,
USPS,Kazpost (national post),usps.com-trackkdi.top,top,
USPS,Kazpost (national post),usps.com-trackkdl.top,top,
USPS,Kazpost (national post),usps.com-trackkdp.top,top,
USPS,Kazpost (national post),usps.com-trackkec.top,top,
USPS,Kazpost (national post),usps.com-trackkex.top,top,
USPS,Kazpost (national post),usps.com-trackkfi.top,top,
USPS,Kazpost (national post),usps.com-trackkfu.top,top,
USPS,Kazpost (national post),usps.com-trackkga.top,top,
USPS,Kazpost (national post),usps.com-trackkgy.top,top,
USPS,Kazpost (national post),usps.com-trackkkn.top,top,
USPS,Kazpost (national post),usps.com-trackkkv.top,top,
USPS,Kazpost (national post),usps.com-trackkkz.top,top,
USPS,Kazpost (national post),usps.com-trackkmj.top,top,
USPS,Kazpost (national post),usps.com-trackkmm.top,top,
USPS,Kazpost (national post),usps.com-trackkmy.top,top,
USPS,Kazpost (national post),usps.com-trackknb.top,top,
USPS,Kazpost (national post),usps.com-trackkoq.top,top,
USPS,Kazpost (national post),usps.com-trackkoz.top,top,
USPS,Kazpost (national post),usps.com-trackkps.top,top,
USPS,Kazpost (national post),usps.com-trackkqi.top,top,
USPS,Kazpost (national post),usps.com-trackkrr.top,top,
USPS,Kazpost (national post),usps.com-trackkrt.top,top,
USPS,Kazpost (national post),usps.com-trackksb.top,top,
USPS,Kazpost (national post),usps.com-trackkso.top,top,
USPS,Kazpost (national post),usps.com-trackksp.top,top,
USPS,Kazpost (national post),usps.com-trackkstk.top,top,
USPS,Kazpost (national post),usps.com-trackkti.top,top,
USPS,Kazpost (national post),usps.com-trackkuc.top,top,
USPS,Kazpost (national post),usps.com-trackkuy.top,top,
USPS,Kazpost (national post),usps.com-trackkws.top,top,
USPS,Kazpost (national post),usps.com-trackkxw.top,top,
USPS,Kazpost (national post),usps.com-trackkyk.top,top,
USPS,Kazpost (national post),usps.com-trackkzw.top,top,
USPS,Kazpost (national post),usps.com-tracklac.top,top,
USPS,Kazpost (national post),usps.com-tracklas.top,top,
USPS,Kazpost (national post),usps.com-tracklbp.top,top,
USPS,Kazpost (national post),usps.com-tracklcv.top,top,
USPS,Kazpost (national post),usps.com-tracklep.top,top,
USPS,Kazpost (national post),usps.com-tracklgr.top,top,
USPS,Kazpost (national post),usps.com-tracklgx.top,top,
USPS,Kazpost (national post),usps.com-tracklhd.top,top,
USPS,Kazpost (national post),usps.com-tracklid.top,top,
USPS,Kazpost (national post),usps.com-tracklie.top,top,
USPS,Kazpost (national post),usps.com-trackljy.top,top,
USPS,Kazpost (national post),usps.com-tracklnq.top,top,
USPS,Kazpost (national post),usps.com-trackloc.top,top,
USPS,Kazpost (national post),usps.com-trackloxt.top,top,
USPS,Kazpost (national post),usps.com-tracklpe.top,top,
USPS,Kazpost (national post),usps.com-tracklqh.top,top,
USPS,Kazpost (national post),usps.com-tracklsr.top,top,
USPS,Kazpost (national post),usps.com-trackluh.top,top,
USPS,Kazpost (national post),usps.com-tracklusb.top,top,
USPS,Kazpost (national post),usps.com-tracklvd.top,top,
USPS,Kazpost (national post),usps.com-tracklvr.top,top,
USPS,Kazpost (national post),usps.com-tracklvw.top,top,
USPS,Kazpost (national post),usps.com-tracklvz.top,top,
USPS,Kazpost (national post),usps.com-tracklwg.top,top,
USPS,Kazpost (national post),usps.com-tracklwx.top,top,
USPS,Kazpost (national post),usps.com-tracklxr.top,top,
USPS,Kazpost (national post),usps.com-tracklyl.top,top,
USPS,Kazpost (national post),usps.com-tracklzt.top,top,
USPS,Kazpost (national post),usps.com-trackmae.top,top,
USPS,Kazpost (national post),usps.com-trackmbf.top,top,
USPS,Kazpost (national post),usps.com-trackmcw.top,top,
USPS,Kazpost (national post),usps.com-trackmdo.top,top,
USPS,Kazpost (national post),usps.com-trackmev.top,top,
USPS,Kazpost (national post),usps.com-trackmgr.top,top,
USPS,Kazpost (national post),usps.com-trackmgu.top,top,
USPS,Kazpost (national post),usps.com-trackmhf.top,top,
USPS,Kazpost (national post),usps.com-trackmjb.top,top,
USPS,Kazpost (national post),usps.com-trackmjx.top,top,
USPS,Kazpost (national post),usps.com-trackmkf.top,top,
USPS,Kazpost (national post),usps.com-trackmkj.top,top,
USPS,Kazpost (national post),usps.com-trackmkx.top,top,
USPS,Kazpost (national post),usps.com-trackmmk.top,top,
USPS,Kazpost (national post),usps.com-trackmne.top,top,
USPS,Kazpost (national post),usps.com-trackmnr.top,top,
USPS,Kazpost (national post),usps.com-trackmpm.top,top,
USPS,Kazpost (national post),usps.com-trackmrc.top,top,
USPS,Kazpost (national post),usps.com-trackmri.top,top,
USPS,Kazpost (national post),usps.com-trackmrp.top,top,
USPS,Kazpost (national post),usps.com-trackmrs.top,top,
USPS,Kazpost (national post),usps.com-trackmsc.top,top,
USPS,Kazpost (national post),usps.com-trackmsn.top,top,
USPS,Kazpost (national post),usps.com-trackmta.top,top,
USPS,Kazpost (national post),usps.com-trackmtv.top,top,
USPS,Kazpost (national post),usps.com-trackmub.top,top,
USPS,Kazpost (national post),usps.com-trackmue.top,top,
USPS,Kazpost (national post),usps.com-trackmuo.top,top,
USPS,Kazpost (national post),usps.com-trackmwl.top,top,
USPS,Kazpost (national post),usps.com-trackmww.top,top,
USPS,Kazpost (national post),usps.com-trackmwz.top,top,
USPS,Kazpost (national post),usps.com-trackmxw.top,top,
USPS,Kazpost (national post),usps.com-trackmyv.top,top,
USPS,Kazpost (national post),usps.com-trackmzr.top,top,
USPS,Kazpost (national post),usps.com-tracknai.top,top,
USPS,Kazpost (national post),usps.com-tracknaw.top,top,
USPS,Kazpost (national post),usps.com-trackncs.top,top,
USPS,Kazpost (national post),usps.com-trackndc.top,top,
USPS,Kazpost (national post),usps.com-tracknfi.top,top,
USPS,Kazpost (national post),usps.com-tracknfk.top,top,
USPS,Kazpost (national post),usps.com-trackngd.top,top,
USPS,Kazpost (national post),usps.com-tracknlm.top,top,
USPS,Kazpost (national post),usps.com-tracknln.top,top,
USPS,Kazpost (national post),usps.com-tracknlq.top,top,
USPS,Kazpost (national post),usps.com-tracknlu.top,top,
USPS,Kazpost (national post),usps.com-tracknmh.top,top,
USPS,Kazpost (national post),usps.com-tracknmi.top,top,
USPS,Kazpost (national post),usps.com-tracknnt.top,top,
USPS,Kazpost (national post),usps.com-tracknom.top,top,
USPS,Kazpost (national post),usps.com-tracknoy.top,top,
USPS,Kazpost (national post),usps.com-tracknpt.top,top,
USPS,Kazpost (national post),usps.com-tracknqex.top,top,
USPS,Kazpost (national post),usps.com-tracknqh.top,top,
USPS,Kazpost (national post),usps.com-tracknsn.top,top,
USPS,Kazpost (national post),usps.com-tracknul.top,top,
USPS,Kazpost (national post),usps.com-tracknum.top,top,
USPS,Kazpost (national post),usps.com-tracknuo.top,top,
USPS,Kazpost (national post),usps.com-tracknvi.top,top,
USPS,Kazpost (national post),usps.com-tracknvz.top,top,
USPS,Kazpost (national post),usps.com-tracknwb.top,top,
USPS,Kazpost (national post),usps.com-trackoah.top,top,
USPS,Kazpost (national post),usps.com-trackobi.top,top,
USPS,Kazpost (national post),usps.com-trackodx.top,top,
USPS,Kazpost (national post),usps.com-trackoef.top,top,
USPS,Kazpost (national post),usps.com-trackofg.top,top,
USPS,Kazpost (national post),usps.com-trackofq.top,top,
USPS,Kazpost (national post),usps.com-trackohi.top,top,
USPS,Kazpost (national post),usps.com-trackoiz.top,top,
USPS,Kazpost (national post),usps.com-trackojf.top,top,
USPS,Kazpost (national post),usps.com-trackolk.top,top,
USPS,Kazpost (national post),usps.com-trackomr.top,top,
USPS,Kazpost (national post),usps.com-trackomz.top,top,
USPS,Kazpost (national post),usps.com-trackonk.top,top,
USPS,Kazpost (national post),usps.com-trackooy.top,top,
USPS,Kazpost (national post),usps.com-trackopy.top,top,
USPS,Kazpost (national post),usps.com-trackorv.top,top,
USPS,Kazpost (national post),usps.com-trackotk.top,top,
USPS,Kazpost (national post),usps.com-trackount.top,top,
USPS,Kazpost (national post),usps.com-trackovp.top,top,
USPS,Kazpost (national post),usps.com-trackowy.top,top,
USPS,Kazpost (national post),usps.com-trackoxk.top,top,
USPS,Kazpost (national post),usps.com-trackoyg.top,top,
USPS,Kazpost (national post),usps.com-trackozc.top,top,
USPS,Kazpost (national post),usps.com-trackozx.top,top,
USPS,Kazpost (national post),usps.com-trackpas.top,top,
USPS,Kazpost (national post),usps.com-trackpbu.top,top,
USPS,Kazpost (national post),usps.com-trackpcn.top,top,
USPS,Kazpost (national post),usps.com-trackpdc.top,top,
USPS,Kazpost (national post),usps.com-trackpdm.top,top,
USPS,Kazpost (national post),usps.com-trackpdo.top,top,
USPS,Kazpost (national post),usps.com-trackpdq.top,top,
USPS,Kazpost (national post),usps.com-trackpdw.top,top,
USPS,Kazpost (national post),usps.com-trackpfg.top,top,
USPS,Kazpost (national post),usps.com-trackpfu.top,top,
USPS,Kazpost (national post),usps.com-trackpga.top,top,
USPS,Kazpost (national post),usps.com-trackpgw.top,top,
USPS,Kazpost (national post),usps.com-trackphe.top,top,
USPS,Kazpost (national post),usps.com-trackpjx.top,top,
USPS,Kazpost (national post),usps.com-trackpkp.top,top,
USPS,Kazpost (national post),usps.com-trackpla.top,top,
USPS,Kazpost (national post),usps.com-trackplg.top,top,
USPS,Kazpost (national post),usps.com-trackpnj.top,top,
USPS,Kazpost (national post),usps.com-trackpnx.top,top,
USPS,Kazpost (national post),usps.com-trackpoh.top,top,
USPS,Kazpost (national post),usps.com-trackpon.top,top,
USPS,Kazpost (national post),usps.com-trackpoq.top,top,
USPS,Kazpost (national post),usps.com-trackpos.top,top,
USPS,Kazpost (national post),usps.com-trackppn.top,top,
USPS,Kazpost (national post),usps.com-trackppp.top,top,
USPS,Kazpost (national post),usps.com-trackppy.top,top,
USPS,Kazpost (national post),usps.com-trackpqf.top,top,
USPS,Kazpost (national post),usps.com-trackpre.top,top,
USPS,Kazpost (national post),usps.com-trackpro.top,top,
USPS,Kazpost (national post),usps.com-trackprt.top,top,
USPS,Kazpost (national post),usps.com-trackpsd.top,top,
USPS,Kazpost (national post),usps.com-trackpsj.top,top,
USPS,Kazpost (national post),usps.com-trackpts.top,top,
USPS,Kazpost (national post),usps.com-trackptw.top,top,
USPS,Kazpost (national post),usps.com-trackpuzd.top,top,
USPS,Kazpost (national post),usps.com-trackpwf.top,top,
USPS,Kazpost (national post),usps.com-trackpwl.top,top,
USPS,Kazpost (national post),usps.com-trackpxt.top,top,
USPS,Kazpost (national post),usps.com-trackpyj.top,top,
USPS,Kazpost (national post),usps.com-trackpyql.top,top,
USPS,Kazpost (national post),usps.com-trackpyw.top,top,
USPS,Kazpost (national post),usps.com-trackpzbx.top,top,
USPS,Kazpost (national post),usps.com-trackpzu.top,top,
USPS,Kazpost (national post),usps.com-trackqar.top,top,
USPS,Kazpost (national post),usps.com-trackqay.top,top,
USPS,Kazpost (national post),usps.com-trackqbb.top,top,
USPS,Kazpost (national post),usps.com-trackqbf.top,top,
USPS,Kazpost (national post),usps.com-trackqbi.top,top,
USPS,Kazpost (national post),usps.com-trackqbx.top,top,
USPS,Kazpost (national post),usps.com-trackqca.top,top,
USPS,Kazpost (national post),usps.com-trackqfz.top,top,
USPS,Kazpost (national post),usps.com-trackqhs.top,top,
USPS,Kazpost (national post),usps.com-trackqja.top,top,
USPS,Kazpost (national post),usps.com-trackqje.top,top,
USPS,Kazpost (national post),usps.com-trackqjx.top,top,
USPS,Kazpost (national post),usps.com-trackqka.top,top,
USPS,Kazpost (national post),usps.com-trackqki.top,top,
USPS,Kazpost (national post),usps.com-trackqkt.top,top,
USPS,Kazpost (national post),usps.com-trackqlj.top,top,
USPS,Kazpost (national post),usps.com-trackqme.top,top,
USPS,Kazpost (national post),usps.com-trackqod.top,top,
USPS,Kazpost (national post),usps.com-trackqou.top,top,
USPS,Kazpost (national post),usps.com-trackqro.top,top,
USPS,Kazpost (national post),usps.com-trackqto.top,top,
USPS,Kazpost (national post),usps.com-trackqtu.top,top,
USPS,Kazpost (national post),usps.com-trackqwy.top,top,
USPS,Kazpost (national post),usps.com-trackqwz.top,top,
USPS,Kazpost (national post),usps.com-trackqxm.top,top,
USPS,Kazpost (national post),usps.com-trackraz.top,top,
USPS,Kazpost (national post),usps.com-trackrch.top,top,
USPS,Kazpost (national post),usps.com-trackrcq.top,top,
USPS,Kazpost (national post),usps.com-trackrdh.top,top,
USPS,Kazpost (national post),usps.com-trackrdm.top,top,
USPS,Kazpost (national post),usps.com-trackred.top,top,
USPS,Kazpost (national post),usps.com-trackrex.top,top,
USPS,Kazpost (national post),usps.com-trackrfb.top,top,
USPS,Kazpost (national post),usps.com-trackrfoc.top,top,
USPS,Kazpost (national post),usps.com-trackrfp.top,top,
USPS,Kazpost (national post),usps.com-trackrfs.top,top,
USPS,Kazpost (national post),usps.com-trackrgy.top,top,
USPS,Kazpost (national post),usps.com-trackrhn.top,top,
USPS,Kazpost (national post),usps.com-trackrip.top,top,
USPS,Kazpost (national post),usps.com-trackriq.top,top,
USPS,Kazpost (national post),usps.com-trackriy.top,top,
USPS,Kazpost (national post),usps.com-trackrjm.top,top,
USPS,Kazpost (national post),usps.com-trackrlo.top,top,
USPS,Kazpost (national post),usps.com-trackrlt.top,top,
USPS,Kazpost (national post),usps.com-trackrmk.top,top,
USPS,Kazpost (national post),usps.com-trackrms.top,top,
USPS,Kazpost (national post),usps.com-trackrnw.top,top,
USPS,Kazpost (national post),usps.com-trackrnz.top,top,
USPS,Kazpost (national post),usps.com-trackrqp.top,top,
USPS,Kazpost (national post),usps.com-trackrqx.top,top,
USPS,Kazpost (national post),usps.com-trackrri.top,top,
USPS,Kazpost (national post),usps.com-trackrrx.top,top,
USPS,Kazpost (national post),usps.com-trackrry.top,top,
USPS,Kazpost (national post),usps.com-trackrrz.top,top,
USPS,Kazpost (national post),usps.com-trackrta.top,top,
USPS,Kazpost (national post),usps.com-trackrvb.top,top,
USPS,Kazpost (national post),usps.com-trackrvv.top,top,
USPS,Kazpost (national post),usps.com-trackrwn.top,top,
USPS,Kazpost (national post),usps.com-trackrxl.top,top,
USPS,Kazpost (national post),usps.com-trackryg.top,top,
USPS,Kazpost (national post),usps.com-trackrys.top,top,
USPS,Kazpost (national post),usps.com-trackryu.top,top,
USPS,Kazpost (national post),usps.com-trackrzc.top,top,
USPS,Kazpost (national post),usps.com-tracksaq.top,top,
USPS,Kazpost (national post),usps.com-tracksas.top,top,
USPS,Kazpost (national post),usps.com-tracksbc.top,top,
USPS,Kazpost (national post),usps.com-trackscm.top,top,
USPS,Kazpost (national post),usps.com-tracksee.top,top,
USPS,Kazpost (national post),usps.com-tracksge.top,top,
USPS,Kazpost (national post),usps.com-tracksgr.top,top,
USPS,Kazpost (national post),usps.com-tracksie.top,top,
USPS,Kazpost (national post),usps.com-tracksjt.top,top,
USPS,Kazpost (national post),usps.com-trackskr.top,top,
USPS,Kazpost (national post),usps.com-tracksls.top,top,
USPS,Kazpost (national post),usps.com-tracksmh.top,top,
USPS,Kazpost (national post),usps.com-tracksnf.top,top,
USPS,Kazpost (national post),usps.com-tracksoc.top,top,
USPS,Kazpost (national post),usps.com-tracksok.top,top,
USPS,Kazpost (national post),usps.com-tracksom.top,top,
USPS,Kazpost (national post),usps.com-trackspn.top,top,
USPS,Kazpost (national post),usps.com-trackspu.top,top,
USPS,Kazpost (national post),usps.com-tracksqf.top,top,
USPS,Kazpost (national post),usps.com-tracksqh.top,top,
USPS,Kazpost (national post),usps.com-tracksql.top,top,
USPS,Kazpost (national post),usps.com-tracksqr.top,top,
USPS,Kazpost (national post),usps.com-tracksrb.top,top,
USPS,Kazpost (national post),usps.com-tracksrv.top,top,
USPS,Kazpost (national post),usps.com-trackssd.top,top,
USPS,Kazpost (national post),usps.com-tracksta.top,top,
USPS,Kazpost (national post),usps.com-tracksuu.top,top,
USPS,Kazpost (national post),usps.com-tracksvd.top,top,
USPS,Kazpost (national post),usps.com-tracksvw.top,top,
USPS,Kazpost (national post),usps.com-trackswd.top,top,
USPS,Kazpost (national post),usps.com-trackswp.top,top,
USPS,Kazpost (national post),usps.com-tracksyb.top,top,
USPS,Kazpost (national post),usps.com-tracksyi.top,top,
USPS,Kazpost (national post),usps.com-tracktak.top,top,
USPS,Kazpost (national post),usps.com-tracktbl.top,top,
USPS,Kazpost (national post),usps.com-tracktdf.top,top,
USPS,Kazpost (national post),usps.com-trackteb.top,top,
USPS,Kazpost (national post),usps.com-tracktft.top,top,
USPS,Kazpost (national post),usps.com-tracktgp.top,top,
USPS,Kazpost (national post),usps.com-trackthh.top,top,
USPS,Kazpost (national post),usps.com-tracktkr.top,top,
USPS,Kazpost (national post),usps.com-tracktnx.top,top,
USPS,Kazpost (national post),usps.com-tracktrc.top,top,
USPS,Kazpost (national post),usps.com-tracktrd.top,top,
USPS,Kazpost (national post),usps.com-tracktsz.top,top,
USPS,Kazpost (national post),usps.com-tracktux.top,top,
USPS,Kazpost (national post),usps.com-tracktvw.top,top,
USPS,Kazpost (national post),usps.com-tracktvz.top,top,
USPS,Kazpost (national post),usps.com-tracktxn.top,top,
USPS,Kazpost (national post),usps.com-tracktxz.top,top,
USPS,Kazpost (national post),usps.com-tracktzj.top,top,
USPS,Kazpost (national post),usps.com-tracktzl.top,top,
USPS,Kazpost (national post),usps.com-tracktzn.top,top,
USPS,Kazpost (national post),usps.com-trackubh.top,top,
USPS,Kazpost (national post),usps.com-trackubo.top,top,
USPS,Kazpost (national post),usps.com-trackubp.top,top,
USPS,Kazpost (national post),usps.com-trackucv.top,top,
USPS,Kazpost (national post),usps.com-trackuel.top,top,
USPS,Kazpost (national post),usps.com-trackufi.top,top,
USPS,Kazpost (national post),usps.com-trackuge.top,top,
USPS,Kazpost (national post),usps.com-trackugt.top,top,
USPS,Kazpost (national post),usps.com-trackuhb.top,top,
USPS,Kazpost (national post),usps.com-trackuil.top,top,
USPS,Kazpost (national post),usps.com-trackujf.top,top,
USPS,Kazpost (national post),usps.com-trackujo.top,top,
USPS,Kazpost (national post),usps.com-trackujr.top,top,
USPS,Kazpost (national post),usps.com-trackukb.top,top,
USPS,Kazpost (national post),usps.com-trackukd.top,top,
USPS,Kazpost (national post),usps.com-trackukv.top,top,
USPS,Kazpost (national post),usps.com-trackulc.top,top,
USPS,Kazpost (national post),usps.com-trackull.top,top,
USPS,Kazpost (national post),usps.com-trackulv.top,top,
USPS,Kazpost (national post),usps.com-trackumc.top,top,
USPS,Kazpost (national post),usps.com-trackumt.top,top,
USPS,Kazpost (national post),usps.com-trackund.top,top,
USPS,Kazpost (national post),usps.com-trackuno.top,top,
USPS,Kazpost (national post),usps.com-trackuom.top,top,
USPS,Kazpost (national post),usps.com-trackupe.top,top,
USPS,Kazpost (national post),usps.com-trackupl.top,top,
USPS,Kazpost (national post),usps.com-trackusg.top,top,
USPS,Kazpost (national post),usps.com-trackuty.top,top,
USPS,Kazpost (national post),usps.com-trackuvx.top,top,
USPS,Kazpost (national post),usps.com-trackuxs.top,top,
USPS,Kazpost (national post),usps.com-trackuyf.top,top,
USPS,Kazpost (national post),usps.com-trackuyg.top,top,
USPS,Kazpost (national post),usps.com-trackuyn.top,top,
USPS,Kazpost (national post),usps.com-trackuys.top,top,
USPS,Kazpost (national post),usps.com-trackuyt.top,top,
USPS,Kazpost (national post),usps.com-trackuzh.top,top,
USPS,Kazpost (national post),usps.com-trackvbe.top,top,
USPS,Kazpost (national post),usps.com-trackvbr.top,top,
USPS,Kazpost (national post),usps.com-trackvdc.top,top,
USPS,Kazpost (national post),usps.com-trackvee.top,top,
USPS,Kazpost (national post),usps.com-trackvfa.top,top,
USPS,Kazpost (national post),usps.com-trackvft.top,top,
USPS,Kazpost (national post),usps.com-trackvgi.top,top,
USPS,Kazpost (national post),usps.com-trackvhe.top,top,
USPS,Kazpost (national post),usps.com-trackvhx.top,top,
USPS,Kazpost (national post),usps.com-trackvil.top,top,
USPS,Kazpost (national post),usps.com-trackvjc.top,top,
USPS,Kazpost (national post),usps.com-trackvjy.top,top,
USPS,Kazpost (national post),usps.com-trackvka.top,top,
USPS,Kazpost (national post),usps.com-trackvlm.top,top,
USPS,Kazpost (national post),usps.com-trackvma.top,top,
USPS,Kazpost (national post),usps.com-trackvmf.top,top,
USPS,Kazpost (national post),usps.com-trackvnt.top,top,
USPS,Kazpost (national post),usps.com-trackvnw.top,top,
USPS,Kazpost (national post),usps.com-trackvop.top,top,
USPS,Kazpost (national post),usps.com-trackvpo.top,top,
USPS,Kazpost (national post),usps.com-trackvry.top,top,
USPS,Kazpost (national post),usps.com-trackvui.top,top,
USPS,Kazpost (national post),usps.com-trackvup.top,top,
USPS,Kazpost (national post),usps.com-trackvuv.top,top,
USPS,Kazpost (national post),usps.com-trackvvk.top,top,
USPS,Kazpost (national post),usps.com-trackvvrg.top,top,
USPS,Kazpost (national post),usps.com-trackvvy.top,top,
USPS,Kazpost (national post),usps.com-trackvyl.top,top,
USPS,Kazpost (national post),usps.com-trackvyr.top,top,
USPS,Kazpost (national post),usps.com-trackvzs.top,top,
USPS,Kazpost (national post),usps.com-trackwaf.top,top,
USPS,Kazpost (national post),usps.com-trackwap.top,top,
USPS,Kazpost (national post),usps.com-trackwbd.top,top,
USPS,Kazpost (national post),usps.com-trackwct.top,top,
USPS,Kazpost (national post),usps.com-trackwdd.top,top,
USPS,Kazpost (national post),usps.com-trackwdf.top,top,
USPS,Kazpost (national post),usps.com-trackwfk.top,top,
USPS,Kazpost (national post),usps.com-trackwfo.top,top,
USPS,Kazpost (national post),usps.com-trackwgn.top,top,
USPS,Kazpost (national post),usps.com-trackwhp.top,top,
USPS,Kazpost (national post),usps.com-trackwhw.top,top,
USPS,Kazpost (national post),usps.com-trackwis.top,top,
USPS,Kazpost (national post),usps.com-trackwki.top,top,
USPS,Kazpost (national post),usps.com-trackwmu.top,top,
USPS,Kazpost (national post),usps.com-trackwnx.top,top,
USPS,Kazpost (national post),usps.com-trackwop.top,top,
USPS,Kazpost (national post),usps.com-trackwoy.top,top,
USPS,Kazpost (national post),usps.com-trackwpl.top,top,
USPS,Kazpost (national post),usps.com-trackwpn.top,top,
USPS,Kazpost (national post),usps.com-trackwqr.top,top,
USPS,Kazpost (national post),usps.com-trackwqy.top,top,
USPS,Kazpost (national post),usps.com-trackwrw.top,top,
USPS,Kazpost (national post),usps.com-trackwtl.top,top,
USPS,Kazpost (national post),usps.com-trackwua.top,top,
USPS,Kazpost (national post),usps.com-trackwwx.top,top,
USPS,Kazpost (national post),usps.com-trackwxh.top,top,
USPS,Kazpost (national post),usps.com-trackwyd.top,top,
USPS,Kazpost (national post),usps.com-trackwyf.top,top,
USPS,Kazpost (national post),usps.com-trackxan.top,top,
USPS,Kazpost (national post),usps.com-trackxar.top,top,
USPS,Kazpost (national post),usps.com-trackxbn.top,top,
USPS,Kazpost (national post),usps.com-trackxcd.top,top,
USPS,Kazpost (national post),usps.com-trackxdb.top,top,
USPS,Kazpost (national post),usps.com-trackxfn.top,top,
USPS,Kazpost (national post),usps.com-trackxgr.top,top,
USPS,Kazpost (national post),usps.com-trackxhb.top,top,
USPS,Kazpost (national post),usps.com-trackxhw.top,top,
USPS,Kazpost (national post),usps.com-trackxjd.top,top,
USPS,Kazpost (national post),usps.com-trackxkc.top,top,
USPS,Kazpost (national post),usps.com-trackxko.top,top,
USPS,Kazpost (national post),usps.com-trackxla.top,top,
USPS,Kazpost (national post),usps.com-trackxls.top,top,
USPS,Kazpost (national post),usps.com-trackxlv.top,top,
USPS,Kazpost (national post),usps.com-trackxmm.top,top,
USPS,Kazpost (national post),usps.com-trackxmr.top,top,
USPS,Kazpost (national post),usps.com-trackxnt.top,top,
USPS,Kazpost (national post),usps.com-trackxpz.top,top,
USPS,Kazpost (national post),usps.com-trackxqf.top,top,
USPS,Kazpost (national post),usps.com-trackxqr.top,top,
USPS,Kazpost (national post),usps.com-trackxrq.top,top,
USPS,Kazpost (national post),usps.com-trackxrz.top,top,
USPS,Kazpost (national post),usps.com-trackxsl.top,top,
USPS,Kazpost (national post),usps.com-trackxtp.top,top,
USPS,Kazpost (national post),usps.com-trackxuq.top,top,
USPS,Kazpost (national post),usps.com-trackxur.top,top,
USPS,Kazpost (national post),usps.com-trackxvh.top,top,
USPS,Kazpost (national post),usps.com-trackxvx.top,top,
USPS,Kazpost (national post),usps.com-trackxwk.top,top,
USPS,Kazpost (national post),usps.com-trackxxb.top,top,
USPS,Kazpost (national post),usps.com-trackxxh.top,top,
USPS,Kazpost (national post),usps.com-trackxxk.top,top,
USPS,Kazpost (national post),usps.com-trackxxn.top,top,
USPS,Kazpost (national post),usps.com-trackxyq.top,top,
USPS,Kazpost (national post),usps.com-trackxyy.top,top,
USPS,Kazpost (national post),usps.com-trackxzx.top,top,
USPS,Kazpost (national post),usps.com-trackyan.top,top,
USPS,Kazpost (national post),usps.com-trackyax.top,top,
USPS,Kazpost (national post),usps.com-trackyay.top,top,
USPS,Kazpost (national post),usps.com-trackybr.top,top,
USPS,Kazpost (national post),usps.com-trackybw.top,top,
USPS,Kazpost (national post),usps.com-trackycg.top,top,
USPS,Kazpost (national post),usps.com-trackycq.top,top,
USPS,Kazpost (national post),usps.com-trackydd.top,top,
USPS,Kazpost (national post),usps.com-trackyde.top,top,
USPS,Kazpost (national post),usps.com-trackydq.top,top,
USPS,Kazpost (national post),usps.com-trackydz.top,top,
USPS,Kazpost (national post),usps.com-trackyeg.top,top,
USPS,Kazpost (national post),usps.com-trackyez.top,top,
USPS,Kazpost (national post),usps.com-trackyfl.top,top,
USPS,Kazpost (national post),usps.com-trackyfn.top,top,
USPS,Kazpost (national post),usps.com-trackyfy.top,top,
USPS,Kazpost (national post),usps.com-trackyhl.top,top,
USPS,Kazpost (national post),usps.com-trackyhs.top,top,
USPS,Kazpost (national post),usps.com-trackyld.top,top,
USPS,Kazpost (national post),usps.com-trackylw.top,top,
USPS,Kazpost (national post),usps.com-trackymh.top,top,
USPS,Kazpost (national post),usps.com-trackymp.top,top,
USPS,Kazpost (national post),usps.com-trackyna.top,top,
USPS,Kazpost (national post),usps.com-trackynn.top,top,
USPS,Kazpost (national post),usps.com-trackypa.top,top,
USPS,Kazpost (national post),usps.com-trackypd.top,top,
USPS,Kazpost (national post),usps.com-trackypv.top,top,
USPS,Kazpost (national post),usps.com-trackyqn.top,top,
USPS,Kazpost (national post),usps.com-trackyqw.top,top,
USPS,Kazpost (national post),usps.com-trackyrd.top,top,
USPS,Kazpost (national post),usps.com-trackyri.top,top,
USPS,Kazpost (national post),usps.com-trackysb.top,top,
USPS,Kazpost (national post),usps.com-trackyte.top,top,
USPS,Kazpost (national post),usps.com-trackyto.top,top,
USPS,Kazpost (national post),usps.com-trackytrt.top,top,
USPS,Kazpost (national post),usps.com-trackyvc.top,top,
USPS,Kazpost (national post),usps.com-trackyvi.top,top,
USPS,Kazpost (national post),usps.com-trackyvl.top,top,
USPS,Kazpost (national post),usps.com-trackyvn.top,top,
USPS,Kazpost (national post),usps.com-trackywg.top,top,
USPS,Kazpost (national post),usps.com-trackywn.top,top,
USPS,Kazpost (national post),usps.com-trackywp.top,top,
USPS,Kazpost (national post),usps.com-trackyxe.top,top,
USPS,Kazpost (national post),usps.com-trackyxv.top,top,
USPS,Kazpost (national post),usps.com-trackyyea.top,top,
USPS,Kazpost (national post),usps.com-trackyyf.top,top,
USPS,Kazpost (national post),usps.com-trackyzy.top,top,
USPS,Kazpost (national post),usps.com-trackzag.top,top,
USPS,Kazpost (national post),usps.com-trackzbj.top,top,
USPS,Kazpost (national post),usps.com-trackzbk.top,top,
USPS,Kazpost (national post),usps.com-trackzcd.top,top,
USPS,Kazpost (national post),usps.com-trackzcl.top,top,
USPS,Kazpost (national post),usps.com-trackzcy.top,top,
USPS,Kazpost (national post),usps.com-trackzea.top,top,
USPS,Kazpost (national post),usps.com-trackzfb.top,top,
USPS,Kazpost (national post),usps.com-trackzfp.top,top,
USPS,Kazpost (national post),usps.com-trackzfy.top,top,
USPS,Kazpost (national post),usps.com-trackzgu.top,top,
USPS,Kazpost (national post),usps.com-trackzjl.top,top,
USPS,Kazpost (national post),usps.com-trackzjv.top,top,
USPS,Kazpost (national post),usps.com-trackzjz.top,top,
USPS,Kazpost (national post),usps.com-trackzkx.top,top,
USPS,Kazpost (national post),usps.com-trackzme.top,top,
USPS,Kazpost (national post),usps.com-trackzmg.top,top,
USPS,Kazpost (national post),usps.com-trackzml.top,top,
USPS,Kazpost (national post),usps.com-trackzne.top,top,
USPS,Kazpost (national post),usps.com-trackznq.top,top,
USPS,Kazpost (national post),usps.com-trackzof.top,top,
USPS,Kazpost (national post),usps.com-trackzoi.top,top,
USPS,Kazpost (national post),usps.com-trackzow.top,top,
USPS,Kazpost (national post),usps.com-trackzpd.top,top,
USPS,Kazpost (national post),usps.com-trackzqs.top,top,
USPS,Kazpost (national post),usps.com-trackzro.top,top,
USPS,Kazpost (national post),usps.com-trackzrw.top,top,
USPS,Kazpost (national post),usps.com-trackzsa.top,top,
USPS,Kazpost (national post),usps.com-trackzsr.top,top,
USPS,Kazpost (national post),usps.com-trackztv.top,top,
USPS,Kazpost (national post),usps.com-trackzuu.top,top,
USPS,Kazpost (national post),usps.com-trackzwf.top,top,
USPS,Kazpost (national post),usps.com-trackzwo.top,top,
USPS,Kazpost (national post),usps.com-trackzxk.top,top,
USPS,Kazpost (national post),usps.com-trackzyh.top,top,
USPS,Kazpost (national post),usps.com-trackzyx.top,top,
USPS,Kazpost (national post),usps.com-trackzyy.top,top,
USPS,Kazpost (national post),usps.com-uropeaiop.top,top,
USPS,Kazpost (national post),usps.com-uropealsg.top,top,
USPS,Kazpost (national post),usps.com-uropeatf.top,top,
USPS,Kazpost (national post),usps.com-wsmgo.xin,xin,
USPS,Kazpost (national post),usps.com-yuinf.top,top,
USPS,Kazpost (national post),usps.com-zrayt.top,top,
USPS,Kazpost (national post),usps.group,group,
USPS,Kazpost (national post),usps.net.im,im,
USPS,Kazpost (national post),usps.package-ftr.cc,cc,
USPS,Kazpost (national post),usps.packages-fhj.win,win,
USPS,Kazpost (national post),usps.packages-xws.cfd,cfd,
USPS,Kazpost (national post),usps.packages-xwu.cfd,cfd,
USPS,Kazpost (national post),usps.paymbnc.vip,vip,
USPS,Kazpost (national post),usps.paymbni.vip,vip,
USPS,Kazpost (national post),usps.paymbno.vip,vip,
USPS,Kazpost (national post),usps.paymbnu.vip,vip,
USPS,Kazpost (national post),usps.paymbnw.vip,vip,
USPS,Kazpost (national post),usps.paymbnx.vip,vip,
USPS,Kazpost (national post),usps.paymbny.vip,vip,
USPS,Kazpost (national post),usps.paymbnz.vip,vip,
USPS,Kazpost (national post),usps.paymhba.vip,vip,
USPS,Kazpost (national post),usps.paymhbb.vip,vip,
USPS,Kazpost (national post),usps.paymhbc.vip,vip,
USPS,Kazpost (national post),usps.paymhbd.vip,vip,
USPS,Kazpost (national post),usps.paymhbe.vip,vip,
USPS,Kazpost (national post),usps.paymhbf.vip,vip,
USPS,Kazpost (national post),usps.paymhbi.vip,vip,
USPS,Kazpost (national post),usps.paymhbk.vip,vip,
USPS,Kazpost (national post),usps.paymhbl.vip,vip,
USPS,Kazpost (national post),usps.paymhbt.vip,vip,
USPS,Kazpost (national post),usps.paymhbv.vip,vip,
USPS,Kazpost (national post),usps.paymhby.vip,vip,
USPS,Kazpost (national post),usps.paymhbz.vip,vip,
USPS,Kazpost (national post),usps.quickfleets.online,online,
USPS,Kazpost (national post),usps.u2lph5y.top,top,
USPS,Kazpost (national post),usps09.cc,cc,
USPS,Kazpost (national post),usps09.top,top,
USPS,Kazpost (national post),usps2025.com,com,
USPS,Kazpost (national post),uspsaka.vip,vip,
USPS,Kazpost (national post),uspsake.vip,vip,
USPS,Kazpost (national post),uspsaki.vip,vip,
USPS,Kazpost (national post),uspsakw.vip,vip,
USPS,Kazpost (national post),uspsakx.vip,vip,
USPS,Kazpost (national post),uspsdhl.com,com,
USPS,Kazpost (national post),uspservices.cfd,cfd,
USPS,Kazpost (national post),uspservicesl.blogspot.ba,ba,
USPS,Kazpost (national post),uspservicesl.blogspot.be,be,
USPS,Kazpost (national post),uspservicesl.blogspot.ca,ca,
USPS,Kazpost (national post),uspservicesl.blogspot.in,in,
USPS,Kazpost (national post),uspservicesl.blogspot.it,it,
USPS,Kazpost (national post),uspservicesl.blogspot.li,li,
USPS,Kazpost (national post),uspservicesl.blogspot.sg,sg,
USPS,Kazpost (national post),uspservicesl.blogspot.sk,sk,
USPS,Kazpost (national post),uspsexpress.com,com,
USPS,Kazpost (national post),uspsfgtswa.top,top,
USPS,Kazpost (national post),uspsfgtswd.top,top,
USPS,Kazpost (national post),uspsfgtswg.top,top,
USPS,Kazpost (national post),uspsfgtswj.top,top,
USPS,Kazpost (national post),uspsfgtswk.top,top,
USPS,Kazpost (national post),uspsfgtswl.top,top,
USPS,Kazpost (national post),uspsfgtswp.top,top,
USPS,Kazpost (national post),uspsfgtswr.top,top,
USPS,Kazpost (national post),uspsfgtswt.top,top,
USPS,Kazpost (national post),uspsfgtswu.top,top,
USPS,Kazpost (national post),uspsfgtswy.top,top,
USPS,Kazpost (national post),uspsid.com,com,
USPS,Kazpost (national post),uspskkif.xyz,xyz,
USPS,Kazpost (national post),uspsliteblue-gov.com,com,
USPS,Kazpost (national post),uspslogisticservices.com,com,
USPS,Kazpost (national post),uspsoiujk.xyz,xyz,
USPS,Kazpost (national post),uspsowra.top,top,
USPS,Kazpost (national post),uspsowrq.top,top,
USPS,Kazpost (national post),uspspoldq.top,top,
USPS,Kazpost (national post),uspspoldr.top,top,
USPS,Kazpost (national post),uspspoldt.top,top,
USPS,Kazpost (national post),uspspost-box.com,com,
USPS,Kazpost (national post),uspssmartpackagelocker.com,com,
USPS,Kazpost (national post),uspssmartpackagelockers.com,com,
USPS,Kazpost (national post),uspssmartparcellocker.tech,tech,
USPS,Kazpost (national post),uspssmartparcellockers.tech,tech,
USPS,Kazpost (national post),uspssqa.vip,vip,
USPS,Kazpost (national post),uspssqi.vip,vip,
USPS,Kazpost (national post),uspssqo.vip,vip,
USPS,Kazpost (national post),uspssqp.vip,vip,
USPS,Kazpost (national post),uspssqu.vip,vip,
USPS,Kazpost (national post),uspssqy.vip,vip,
USPS,Kazpost (national post),uspstracx.com,com,
USPS,Kazpost (national post),uspstrans.com,com,
USPS,Kazpost (national post),uspsttswh.top,top,
USPS,Kazpost (national post),uspsueas.top,top,
USPS,Kazpost (national post),uspsvco.com,com,
USPS,Kazpost (national post),uspswebinars.com,com,
USPS,Kazpost (national post),ww38.usps.today,today,
USPS,Kazpost (national post),www-usps-verification.iphonecvok.dpdns.org,org,
Gosuslugi,eGov (government portal),gosuslugi-covid-qr.ru,ru,
Gosuslugi,eGov (government portal),gosuslugi-kultura.ru,ru,
Gosuslugi,eGov (government portal),gosuslugi-pay.ru,ru,
Gosuslugi,eGov (government portal),gosuslugi-payment.ru,ru,
Gosuslugi,eGov (government portal),gosuslugi.cloudns.nz,nz,
Gosuslugi,eGov (government portal),gosuslugi.directory,directory,
Gosuslugi,eGov (government portal),gosuslugi.life,life,
Gosuslugi,eGov (government portal),gosuslugi.live,live,
Gosuslugi,eGov (government portal),gosuslugi.page,page,
Gosuslugi,eGov (government portal),gosuslugi.social,social,
Gosuslugi,eGov (government portal),gosuslugi.uk,uk,
Gosuslugi,eGov (government portal),gosuslugi2.ru,ru,
Gosuslugi,eGov (government portal),gosuslugianticovid.ru,ru,
Gosuslugi,eGov (government portal),gosuslugigov.ru,ru,
Gosuslugi,eGov (government portal),gosuslugipay.ru,ru,
Gosuslugi,eGov (government portal),verify-gosuslugi.ru,ru,
OLX (other countries),OLX.kz (marketplace),new-olx.com.ua,ua,
OLX (other countries),OLX.kz (marketplace),olx-ba.id54678.com,com,
OLX (other countries),OLX.kz (marketplace),olx-imgg-aoth007-a63sj.pages.dev,dev,pages.dev
OLX (other countries),OLX.kz (marketplace),olx-order.pl-id39999493.xyz,xyz,
OLX (other countries),OLX.kz (marketplace),olx-order.pl-id89197393.xyz,xyz,
OLX (other countries),OLX.kz (marketplace),olx-order.pl-id98877985.xyz,xyz,
OLX (other countries),OLX.kz (marketplace),olx-otrzym.cfd,cfd,
OLX (other countries),OLX.kz (marketplace),olx-paygate.site,site,
OLX (other countries),OLX.kz (marketplace),olx-pl-3ds.id-43051.xyz,xyz,
OLX (other countries),OLX.kz (marketplace),olx-pl.3dsecure-pay.com,com,
OLX (other countries),OLX.kz (marketplace),olx-pl.fiwklins.shop,shop,
OLX (other countries),OLX.kz (marketplace),olx-ro.order-id89586.cloud,cloud,
OLX (other countries),OLX.kz (marketplace),olx-ro.primind-banii.com,com,
OLX (other countries),OLX.kz (marketplace),olx-ua.dostavvka-3ds.icu,icu,
OLX (other countries),OLX.kz (marketplace),olx.42322333.xyz,xyz,
OLX (other countries),OLX.kz (marketplace),olx.bg-getidx.cc,cc,
OLX (other countries),OLX.kz (marketplace),olx.bg-ordersbuys.cc,cc,
OLX (other countries),OLX.kz (marketplace),olx.bg-orderspayways.cc,cc,
OLX (other countries),OLX.kz (marketplace),olx.bg-paysconfirm.work,work,
OLX (other countries),OLX.kz (marketplace),olx.bg-safeiopays.cc,cc,
OLX (other countries),OLX.kz (marketplace),olx.delivery-club.info,info,
OLX (other countries),OLX.kz (marketplace),olx.id-safety.live,live,
OLX (other countries),OLX.kz (marketplace),olx.info-zakupy.pl,pl,
OLX (other countries),OLX.kz (marketplace),olx.infozakup.pl,pl,
OLX (other countries),OLX.kz (marketplace),olx.kupuje-teraz.pl,pl,
OLX (other countries),OLX.kz (marketplace),olx.marketokazja.pl,pl,
OLX (other countries),OLX.kz (marketplace),olx.oglaszamy-warszawa.pl,pl,
OLX (other countries),OLX.kz (marketplace),olx.oglaszamysprzedajemy.pl,pl,
OLX (other countries),OLX.kz (marketplace),olx.oglaszanie-samochody.pl,pl,
OLX (other countries),OLX.kz (marketplace),olx.ogloszeniawysylka.pl,pl,
OLX (other countries),OLX.kz (marketplace),olx.ogloszeniesprzedaz.pl,pl,
OLX (other countries),OLX.kz (marketplace),olx.olx.rest,rest,
OLX (other countries),OLX.kz (marketplace),olx.paym29.info,info,
OLX (other countries),OLX.kz (marketplace),olx.payment-offers.store,store,
OLX (other countries),OLX.kz (marketplace),olx.pl-id1617120302.site,site,
OLX (other countries),OLX.kz (marketplace),olx.pl-id1617711502.site,site,
OLX (other countries),OLX.kz (marketplace),olx.pl-konto.com,com,
OLX (other countries),OLX.kz (marketplace),olx.pl-logowanie.group,group,
OLX (other countries),OLX.kz (marketplace),olx.pl-payswallet.icu,icu,
OLX (other countries),OLX.kz (marketplace),olx.pl-wellpayment.xyz,xyz,
OLX (other countries),OLX.kz (marketplace),olx.session-now684.world,world,
OLX (other countries),OLX.kz (marketplace),olx.sprzedazsklep.pl,pl,
OLX (other countries),OLX.kz (marketplace),olx.ua-paycheck.tk,tk,
OLX (other countries),OLX.kz (marketplace),olx.ua.dostavka.solar,solar,
OLX (other countries),OLX.kz (marketplace),olx.ua.productions,productions,
OLX (other countries),OLX.kz (marketplace),olx.ua.safedeal.bar,bar,
OLX (other countries),OLX.kz (marketplace),olx.ua.safeorder.one,one,
OLX (other countries),OLX.kz (marketplace),olx.udostawka.za.com,com,
OLX (other countries),OLX.kz (marketplace),olx.verify-3ds.us,us,
OLX (other countries),OLX.kz (marketplace),olx.world-pay.info,info,
OLX (other countries),OLX.kz (marketplace),olxpt.confirmsold.xyz,xyz,
OLX (other countries),OLX.kz (marketplace),olxpt.orderpickup.xyz,xyz,
OLX (other countries),OLX.kz (marketplace),olxpt.saleordering.xyz,xyz,
OLX (other countries),OLX.kz (marketplace),olxpt.wellordered.cyou,cyou,
OLX (other countries),OLX.kz (marketplace),olxu6-zaaaa-aaaad-qde4q-cai.raw.ic0.app,app,
